,Warehouse id,Region,SKU id,2018-04-01 00:00:00,2018-05-01 00:00:00,2018-06-01 00:00:00,2018-07-01 00:00:00,2018-08-01 00:00:00,2018-09-01 00:00:00,2018-10-01 00:00:00,2018-11-01 00:00:00,2018-12-01 00:00:00,2019-01-01 00:00:00,2019-02-01 00:00:00,2019-03-01 00:00:00,2019-04-01 00:00:00,2019-05-01 00:00:00,2019-06-01 00:00:00,2019-07-01 00:00:00,2019-08-01 00:00:00,2019-09-01 00:00:00,2019-10-01 00:00:00,2019-11-01 00:00:00,2019-12-01 00:00:00,2020-01-01 00:00:00,2020-02-01 00:00:00,2020-03-01 00:00:00,2020-04-01 00:00:00,2020-05-01 00:00:00,2020-06-01 00:00:00,2020-07-01 00:00:00,2020-08-01 00:00:00,2020-09-01 00:00:00,2020-10-01 00:00:00,2020-11-01 00:00:00,2020-12-01 00:00:00,2021-01-01 00:00:00,2021-02-01 00:00:00,2021-03-01 00:00:00,2021-04-01 00:00:00,2021-05-01 00:00:00,Predictions_Last1,June-21_Last1,Predictions_Last2,June-21_Last2
753,4,SOUTH,1,142.0,103.0,37.0,226.0,19.0,40.0,52.0,79.0,58.0,82.0,64.0,235.0,85.0,82.0,64.0,40.0,64.0,34.0,22.0,34.0,67.0,40.0,115.0,142.0,19.0,58.0,67.0,28.0,31.0,328.0,912.0,34.0,19.0,37.0,76.0,73.0,112.0,19.0,97,43,97,43
754,4,SOUTH,2,99.33333333333333,106.0,22.0,58.0,38.0,18.0,22.0,22.0,58.0,70.0,14.0,130.0,90.0,126.0,90.0,38.0,18.0,18.0,102.0,74.0,38.0,22.0,46.0,30.0,10.0,134.0,30.0,10.0,42.0,70.0,10.0,38.0,22.0,18.0,50.0,74.0,30.0,50.0,48,41,46,53
755,4,SOUTH,3,15.0,15.0,15.0,15.0,15.0,15.0,15.0,15.0,15.0,15.0,15.0,15.0,15.0,19.0,19.0,15.0,15.0,15.0,15.0,15.0,15.0,15.0,15.0,19.0,15.0,15.0,19.0,15.0,15.0,15.0,15.0,15.0,15.0,15.0,15.0,15.0,17.66666666666667,15.0,16,15,16,15
756,4,SOUTH,4,196.0,58.0,120.0,54.0,58.0,224.0,204.0,86.0,190.0,108.0,94.0,310.0,224.0,140.0,208.0,116.0,130.0,184.0,178.0,130.0,100.0,44.0,286.0,278.0,6.0,66.0,88.0,64.0,116.0,1709.333333333333,954.0,112.0,32.0,200.0,206.0,152.0,190.0,64.0,185,79,185,79
757,4,SOUTH,5,250.0,232.0,154.0,244.0,127.0,130.0,232.0,169.0,154.0,58.0,130.0,166.0,271.0,337.0,184.0,187.0,157.0,94.0,556.0,562.0,82.0,229.0,253.0,415.0,19.0,115.0,151.0,136.0,352.0,1057.0,730.0,178.0,130.0,154.0,364.0,817.0,727.0,40.0,554,78,554,78
758,4,SOUTH,6,33.0,33.0,18.0,27.0,3.0,3.0,3.0,3.0,6.0,3.0,3.0,42.0,3.0,3.0,21.0,18.0,15.0,9.0,12.0,3.0,63.0,15.0,3.0,9.0,3.0,6.0,3.0,6.0,3.0,63.0,6.0,3.0,3.0,33.0,21.0,18.0,12.0,3.0,14,7,14,7
759,4,SOUTH,7,965.0,753.0,661.0,573.0,1029.0,521.0,1485.0,933.0,673.0,1193.0,801.0,717.0,1125.0,1401.0,1321.0,937.0,1437.0,917.0,1381.0,1129.0,1133.0,1309.0,849.0,533.0,558.3333333333334,1137.0,1361.0,1293.0,1165.0,1005.0,1757.0,1253.0,1533.0,905.0,1013.0,869.0,1041.0,381.0,953,727,953,727
760,4,SOUTH,8,1480.0,1308.0,912.0,864.0,1276.0,828.0,1144.0,1308.0,692.0,1044.0,1128.0,1564.0,1656.0,672.0,1448.0,980.0,1340.0,1144.0,1352.0,1420.0,768.0,1020.0,1108.0,932.0,8.0,1280.0,1492.0,1352.0,1304.0,1216.0,1664.0,1348.0,1104.0,760.0,1036.0,1264.0,696.0,220.0,936,395,942,670
761,4,SOUTH,234,126.0,120.0,73.0,79.0,107.0,82.0,140.0,109.0,81.0,90.0,87.0,122.0,83.0,73.0,89.0,81.0,101.0,61.0,105.0,83.0,91.0,65.0,63.0,79.0,15.0,97.0,83.0,79.0,69.0,73.0,97.0,31.0,59.0,59.0,27.0,59.0,61.0,43.0,47,56,47,56
762,4,SOUTH,9,453.0,235.0,377.0,381.0,436.3333333333333,199.0,519.0,291.0,295.0,329.0,219.0,369.0,399.0,263.0,375.0,309.0,523.0,475.0,339.0,411.0,207.0,415.0,323.0,397.0,19.0,155.0,307.0,359.0,275.0,523.0,311.0,511.0,399.0,479.0,471.0,527.0,259.0,19.0,433,147,433,147
763,4,SOUTH,10,10.0,10.0,10.0,10.0,10.0,10.0,10.0,10.0,10.0,10.0,10.0,10.0,48.0,186.0,274.0,160.0,250.0,218.0,191.0,281.0,330.0,378.0,468.0,262.0,10.0,158.0,106.0,410.0,266.0,409.0,438.3333333333333,418.0,380.0,262.0,340.0,438.0,326.0,172.0,352,207,353,201
764,4,SOUTH,13,2690.0,1794.0,1554.0,1234.0,522.0,938.0,1810.0,2674.0,1078.0,1634.0,650.0,2626.0,2450.0,2282.0,1938.0,1374.0,1354.0,1194.0,786.0,1498.0,802.0,1642.0,978.0,682.0,914.0,2042.0,1826.0,570.0,922.0,1226.0,962.0,498.0,818.0,762.0,578.0,842.0,762.0,98.0,758,366,758,366
765,4,SOUTH,17,362.0,138.0,34.0,282.0,66.0,242.0,66.0,690.0,330.0,858.0,250.0,754.0,850.0,386.0,722.0,290.0,514.0,298.0,778.0,378.0,842.0,378.0,551.3333333333334,330.0,18.0,322.0,850.0,402.0,394.0,490.0,378.0,362.0,418.0,274.0,218.0,410.0,186.0,18.0,331,200,331,200
766,4,SOUTH,327,4.0,4.0,4.0,4.0,4.0,4.0,4.0,4.0,4.0,4.0,4.0,4.0,4.0,4.0,4.0,4.0,4.0,4.0,4.0,4.0,4.0,4.0,4.0,4.0,4.0,4.0,4.0,28.0,12.0,30.0,10.0,24.0,36.0,4.0,12.0,33.33333333333334,40.0,12.0,27,27,27,27
767,4,SOUTH,19,5.0,5.0,5.0,5.0,5.0,5.0,5.0,5.0,5.0,5.0,5.0,5.0,5.0,5.0,5.0,5.0,5.0,5.0,5.0,5.0,5.0,5.0,5.0,5.0,5.0,5.0,21.0,24.33333333333333,17.0,14.0,11.0,15.0,27.0,11.0,9.0,30.0,10.0,5.0,5,21,5,21
768,4,SOUTH,351,8.0,8.0,8.0,8.0,8.0,8.0,8.0,8.0,8.0,8.0,8.0,8.0,8.0,8.0,8.0,8.0,8.0,8.0,8.0,8.0,8.0,8.0,8.0,8.0,8.0,13.0,37.66666666666666,34.0,14.0,16.0,14.0,22.0,22.0,10.0,12.0,33.0,18.0,12.0,7,21,7,21
769,4,SOUTH,20,11.0,11.0,11.0,11.0,11.0,11.0,11.0,11.0,11.0,11.0,11.0,11.0,11.0,11.0,11.0,11.0,11.0,11.0,11.0,11.0,11.0,11.0,11.0,11.0,11.0,11.0,11.0,21.0,23.0,36.0,36.0,45.0,27.0,27.0,39.0,31.0,23.0,13.0,24,13,24,13
770,4,SOUTH,353,6.0,6.0,6.0,6.0,6.0,6.0,6.0,6.0,6.0,6.0,6.0,6.0,6.0,6.0,6.0,6.0,6.0,6.0,6.0,6.0,6.0,6.0,6.0,6.0,6.0,6.0,22.0,22.0,22.0,14.0,22.0,31.0,35.66666666666666,21.0,26.0,32.0,14.0,6.0,15,15,15,15
771,4,SOUTH,21,1.0,1.0,1.0,1.0,1.0,1.0,1.0,1.0,1.0,1.0,1.0,1.0,1.0,1.0,1.0,1.0,1.0,1.0,1.0,1.0,1.0,1.0,1.0,1.0,1.0,1.0,201.0,61.0,33.0,225.0,101.0,85.0,252.3333333333333,259.0,155.0,181.0,169.0,65.0,159,135,173,101
772,4,SOUTH,22,8.0,8.0,8.0,8.0,8.0,8.0,8.0,8.0,8.0,8.0,8.0,8.0,8.0,8.0,8.0,8.0,8.0,8.0,8.0,8.0,8.0,8.0,8.0,8.0,8.0,8.0,8.0,112.0,152.0,72.0,116.0,168.0,208.0,224.0,76.0,100.0,88.0,24.0,83,32,88,27
773,4,SOUTH,23,14.0,14.0,14.0,14.0,14.0,14.0,14.0,14.0,14.0,14.0,14.0,14.0,14.0,14.0,14.0,14.0,14.0,14.0,14.0,14.0,14.0,14.0,14.0,14.0,14.0,14.0,14.0,34.0,38.0,14.0,37.0,31.0,44.66666666666666,41.0,31.0,32.0,16.0,14.0,22,14,22,14
774,4,SOUTH,24,3.0,3.0,3.0,3.0,3.0,3.0,3.0,3.0,3.0,3.0,3.0,3.0,3.0,3.0,3.0,3.0,3.0,3.0,3.0,3.0,3.0,3.0,3.0,3.0,3.0,3.0,201.0,87.0,195.0,93.0,51.0,234.0,278.0,231.0,246.0,186.0,87.0,21.0,118,37,118,37
775,4,SOUTH,25,3.0,3.0,3.0,3.0,3.0,3.0,3.0,3.0,3.0,3.0,3.0,3.0,3.0,127.6666666666667,143.0,87.0,53.0,65.0,69.0,67.0,19.0,3.0,223.0,3.0,3.0,131.0,163.0,139.0,75.0,99.0,137.0,181.0,183.0,41.0,91.0,77.0,67.0,51.0,69,55,69,55
776,4,SOUTH,26,9.0,9.0,9.0,9.0,9.0,9.0,9.0,9.0,9.0,9.0,9.0,9.0,9.0,9.0,9.0,9.0,9.0,9.0,9.0,9.0,9.0,9.0,9.0,9.0,9.0,9.0,9.0,183.0,219.0,45.0,195.0,282.0,288.0,328.0,282.0,231.0,135.0,81.0,141,81,141,81
777,4,SOUTH,27,14.0,14.0,14.0,14.0,14.0,14.0,14.0,14.0,14.0,14.0,14.0,14.0,14.0,14.0,14.0,14.0,14.0,14.0,14.0,14.0,14.0,14.0,14.0,14.0,14.0,14.0,14.0,118.0,302.0,62.0,250.0,474.0,398.0,452.6666666666667,454.0,354.0,238.0,110.0,258,122,258,122
778,4,SOUTH,28,1.0,1.0,1.0,1.0,1.0,1.0,1.0,1.0,1.0,1.0,1.0,1.0,1.0,1.0,1.0,1.0,1.0,1.0,1.0,1.0,1.0,1.0,1.0,1.0,1.0,1.0,1.0,13.0,13.0,1.0,21.0,93.66666666666667,81.0,89.0,167.0,91.0,57.0,29.0,61,31,61,31
779,4,SOUTH,29,15.0,15.0,15.0,15.0,15.0,15.0,15.0,15.0,15.0,15.0,15.0,15.0,15.0,15.0,15.0,15.0,15.0,15.0,15.0,15.0,15.0,15.0,15.0,15.0,15.0,15.0,223.0,287.0,87.0,43.0,303.0,167.0,343.0,364.3333333333333,347.0,287.0,183.0,79.0,207,97,207,97
780,4,SOUTH,30,3.0,3.0,3.0,3.0,3.0,3.0,3.0,3.0,3.0,585.0,429.0,543.0,714.0,654.0,561.0,357.0,309.0,231.0,393.0,375.0,714.0,780.0,753.0,507.0,3.0,477.0,396.0,213.0,825.0,609.0,861.0,804.0,741.0,348.0,558.0,576.0,342.0,315.0,409,322,414,341
781,4,SOUTH,31,218.0,408.0,409.6666666666667,224.0,453.0,158.0,245.0,241.0,249.0,195.0,185.0,314.0,232.0,186.0,181.0,146.0,77.0,160.0,137.0,147.0,134.0,81.0,108.0,110.0,20.0,80.0,126.0,82.0,90.0,86.0,152.0,126.0,108.0,92.0,96.0,95.0,56.0,20.0,79,41,79,41
782,4,SOUTH,32,2106.0,2092.0,1702.0,1063.0,1702.0,970.0,880.0,928.0,961.0,691.0,808.0,898.0,937.0,769.0,709.0,589.0,313.0,517.0,406.0,520.0,325.0,226.0,499.0,205.0,19.0,301.0,340.0,19.0,343.0,247.0,331.0,355.0,307.0,229.0,163.0,250.0,115.0,73.0,157,118,157,118
783,4,SOUTH,33,6.0,6.0,6.0,6.0,6.0,6.0,6.0,6.0,6.0,6.0,6.0,6.0,6.0,6.0,6.0,6.0,6.0,6.0,6.0,6.0,6.0,6.0,6.0,6.0,6.0,6.0,6.0,134.0,78.0,6.0,174.0,482.0,522.0,434.0,350.0,466.0,206.0,62.0,128,128,128,128
784,4,SOUTH,237,480.0,40.0,680.0,274.0,400.0,282.0,260.0,326.0,288.0,378.0,252.0,308.0,492.0,550.0,380.0,246.0,212.0,302.0,294.0,396.0,204.0,250.0,226.0,230.0,4.0,252.0,228.0,188.0,260.0,30.0,332.0,356.0,166.0,120.0,172.0,136.0,6.0,4.0,94,5,94,5
785,4,SOUTH,34,1027.333333333333,1138.0,658.0,222.0,66.0,414.0,346.0,378.0,294.0,538.0,274.0,438.0,386.0,394.0,462.0,262.0,138.0,218.0,186.0,266.0,162.0,130.0,146.0,182.0,10.0,82.0,174.0,170.0,154.0,54.0,106.0,194.0,130.0,50.0,66.0,46.0,10.0,10.0,10,10,10,10
786,4,SOUTH,239,12.0,12.0,12.0,12.0,12.0,12.0,12.0,12.0,12.0,12.0,12.0,12.0,12.0,12.0,30.0,42.0,261.0,12.0,12.0,12.0,12.0,12.0,12.0,12.0,12.0,12.0,12.0,12.0,12.0,252.0,12.0,162.0,306.0,12.0,12.0,12.0,42.0,12.0,22,19,22,19
787,4,SOUTH,240,13.0,13.0,13.0,13.0,13.0,41.0,23.0,34.0,13.0,17.0,13.0,13.0,31.0,15.0,73.0,15.0,51.0,13.0,13.0,13.0,13.0,13.0,13.0,57.0,13.0,14.0,101.0,73.0,463.0,583.0,113.0,229.0,340.6666666666667,33.0,101.0,63.0,229.0,49.0,185,50,187,101
788,4,SOUTH,354,46.0,62.0,56.0,54.0,36.0,44.0,34.0,77.0,34.0,89.0,98.0,18.0,106.0,30.0,44.0,94.0,19.0,79.33333333333333,18.0,18.0,18.0,18.0,22.0,38.0,18.0,18.0,28.0,50.0,18.0,168.0,118.0,18.0,102.0,118.0,18.0,18.0,18.0,18.0,18,18,17,18
789,4,SOUTH,35,17.0,17.0,17.0,17.0,17.0,17.0,17.0,17.0,17.0,17.0,17.0,17.0,17.0,17.0,17.0,17.0,17.0,17.0,17.0,17.0,17.0,17.0,17.0,17.0,17.0,17.0,17.0,17.0,17.0,17.0,17.0,17.0,17.0,287.0,255.0,95.0,71.0,17.0,70,16,70,16
790,4,SOUTH,36,9.0,9.0,9.0,9.0,9.0,9.0,9.0,9.0,9.0,9.0,9.0,9.0,9.0,9.0,9.0,9.0,9.0,9.0,9.0,9.0,9.0,9.0,17.0,9.0,9.0,51.0,113.0,97.0,231.0,121.0,109.0,151.0,257.0,217.0,277.0,281.0,99.0,81.0,153,83,153,83
791,4,SOUTH,37,940.3333333333334,875.0,599.0,659.0,875.0,623.0,595.0,427.0,503.0,547.0,363.0,739.0,771.0,539.0,627.0,219.0,227.0,171.0,331.0,435.0,427.0,295.0,323.0,271.0,3.0,243.0,379.0,227.0,355.0,251.0,315.0,371.0,395.0,427.0,163.0,207.0,167.0,51.0,171,95,177,81
792,4,SOUTH,39,829.0,609.0,577.0,467.0,793.0,369.0,461.0,657.0,409.0,399.0,393.0,619.0,729.0,597.0,617.0,473.0,397.0,513.0,485.0,421.0,413.0,509.0,551.0,365.0,285.0,473.0,597.0,509.0,533.0,389.0,713.0,481.0,553.0,397.0,383.0,431.0,341.0,49.0,377,226,377,226
793,4,SOUTH,40,1407.0,979.0,1267.0,823.0,379.0,1475.0,1175.0,1019.0,1075.0,811.0,1143.0,1291.0,1523.0,1647.0,1371.0,839.0,887.0,999.0,1183.0,1219.0,919.0,811.0,983.0,815.0,592.3333333333334,955.0,1155.0,299.0,1239.0,683.0,1307.0,951.0,903.0,379.0,495.0,431.0,279.0,111.0,353,192,353,192
794,4,SOUTH,41,8.0,8.0,8.0,8.0,8.0,8.0,8.0,8.0,8.0,8.0,8.0,8.0,8.0,8.0,8.0,8.0,8.0,8.0,8.0,8.0,8.0,8.0,56.0,216.0,8.0,32.0,152.0,184.0,236.0,76.0,204.0,300.0,480.0,540.0,432.0,356.0,288.0,8.0,289,-12,289,-12
795,4,SOUTH,243,433.0,437.0,400.0,286.0,187.0,139.0,199.0,235.0,217.0,241.0,205.0,271.0,277.0,193.0,295.0,151.0,211.0,115.0,127.0,199.0,103.0,100.0,127.0,109.0,13.0,151.0,103.0,91.0,109.0,79.0,181.0,199.0,157.0,139.0,67.0,61.0,121.0,31.0,102,60,102,60
796,4,SOUTH,42,17.0,17.0,17.0,17.0,17.0,17.0,17.0,17.0,17.0,17.0,17.0,17.0,17.0,17.0,17.0,17.0,17.0,17.0,17.0,17.0,17.0,17.0,49.0,41.0,17.0,49.0,89.0,41.0,101.0,141.0,93.0,133.0,241.0,253.0,193.0,177.0,201.0,49.0,200,67,200,67
797,4,SOUTH,43,1.0,1.0,1.0,1.0,1.0,1.0,1.0,1.0,1.0,1.0,1.0,1.0,1.0,1.0,1.0,1.0,1.0,1.0,1.0,1.0,1.0,1.0,21.0,56.0,1.0,23.0,21.0,19.0,30.0,42.0,29.0,51.0,70.66666666666667,72.0,11.0,11.0,49.0,5.0,36,6,36,6
798,4,SOUTH,44,20.0,20.0,20.0,20.0,20.0,20.0,20.0,20.0,20.0,20.0,20.0,20.0,20.0,20.0,20.0,20.0,20.0,20.0,20.0,20.0,20.0,20.0,56.0,44.0,20.0,68.0,68.0,86.0,101.0,92.0,53.0,140.0,167.0,125.0,188.0,176.0,32.0,62.0,62,55,103,148
799,4,SOUTH,45,1.0,1.0,1.0,1.0,1.0,1.0,1.0,1.0,1.0,1.0,1.0,1.0,1.0,1.0,1.0,1.0,9.0,41.0,17.0,9.0,65.0,33.0,25.0,9.0,1.0,17.0,81.0,93.0,1.0,1.0,41.0,46.33333333333334,1.0,33.0,73.0,57.0,1.0,1.0,4,1,18,37
800,4,SOUTH,46,17.0,105.0,145.0,57.0,73.0,81.0,49.0,73.0,49.0,113.0,17.0,97.0,17.0,57.0,33.0,73.0,113.0,17.0,89.0,89.0,185.0,225.0,113.0,153.0,17.0,81.0,169.0,289.0,185.0,169.0,177.0,187.6666666666667,49.0,225.0,145.0,97.0,105.0,49.0,101,73,101,73
801,4,SOUTH,47,1441.0,1478.0,1205.0,776.0,1154.0,965.0,827.0,800.0,842.0,842.0,674.0,1250.0,1310.0,944.0,998.0,689.0,632.0,758.0,608.0,1169.0,650.0,539.0,680.0,491.0,14.0,440.0,608.0,398.0,722.0,470.0,629.0,638.0,578.0,314.0,380.0,575.0,242.0,92.0,329,271,329,271
802,4,SOUTH,50,134.0,122.0,126.0,158.0,82.0,110.0,82.0,110.0,82.0,70.0,66.0,138.0,158.0,122.0,106.0,114.0,62.0,86.0,130.0,106.0,94.0,102.0,98.0,94.0,6.0,82.0,132.0,118.0,66.0,38.0,150.0,146.0,146.0,154.0,74.0,150.0,6.0,54.66666666666666,59,61,66,35
803,4,SOUTH,51,985.3333333333334,1004.0,842.0,970.0,846.0,590.0,864.0,654.0,796.0,618.0,454.0,866.0,1002.0,972.0,870.0,542.0,448.0,646.0,578.0,592.0,550.0,510.0,586.0,384.0,14.0,398.0,522.0,462.0,530.0,330.0,510.0,546.0,614.0,386.0,350.0,290.0,214.0,70.0,228,96,228,96
804,4,SOUTH,53,611.6666666666666,393.0,673.0,289.0,373.0,201.0,245.0,345.0,229.0,161.0,197.0,413.0,365.0,285.0,301.0,213.0,213.0,253.0,385.0,229.0,229.0,257.0,269.0,217.0,5.0,197.0,285.0,69.0,205.0,253.0,341.0,229.0,269.0,229.0,169.0,233.0,141.0,45.0,184,120,184,120
805,4,SOUTH,54,1.0,1.0,1.0,1.0,1.0,1.0,1.0,1.0,1.0,1.0,1.0,1.0,1.0,1.0,1.0,1.0,1.0,1.0,1.0,1.0,1.0,1.0,49.0,1.0,1.0,17.0,49.0,65.0,33.0,73.0,49.0,145.0,145.0,121.0,105.0,97.0,81.0,33.0,85,44,85,44
806,4,SOUTH,55,19.0,19.0,19.0,19.0,19.0,19.0,19.0,19.0,19.0,19.0,19.0,19.0,19.0,19.0,19.0,19.0,19.0,19.0,19.0,19.0,19.0,19.0,19.0,31.0,19.0,49.0,451.0,235.0,232.0,235.0,439.0,467.0,463.0,460.0,82.0,421.0,262.0,187.0,297,261,297,261
807,4,SOUTH,56,2.0,2.0,2.0,2.0,2.0,2.0,2.0,2.0,2.0,2.0,2.0,2.0,2.0,2.0,2.0,2.0,2.0,2.0,2.0,2.0,2.0,2.0,2.0,2.0,2.0,2.0,506.0,242.0,530.0,446.0,790.0,830.0,864.6666666666666,510.0,606.0,1062.0,262.0,26.0,748,410,748,410
808,4,SOUTH,57,6.0,6.0,6.0,6.0,6.0,6.0,6.0,6.0,6.0,6.0,6.0,6.0,6.0,6.0,6.0,6.0,6.0,6.0,6.0,6.0,6.0,6.0,6.0,6.0,6.0,36.0,94.0,26.0,38.0,26.0,24.0,80.0,85.33333333333333,38.0,62.0,46.0,46.0,6.0,46,17,46,17
809,4,SOUTH,58,10.0,10.0,10.0,10.0,10.0,10.0,10.0,10.0,10.0,10.0,10.0,10.0,10.0,10.0,10.0,10.0,10.0,10.0,10.0,10.0,10.0,10.0,10.0,10.0,10.0,30.0,86.0,46.0,62.0,86.0,132.0,64.0,74.66666666666667,26.0,94.0,56.0,94.0,30.0,71,69,71,69
810,4,SOUTH,59,5.0,5.0,5.0,5.0,5.0,5.0,5.0,5.0,5.0,5.0,5.0,5.0,5.0,5.0,5.0,5.0,5.0,5.0,5.0,5.0,5.0,5.0,33.0,13.0,5.0,77.0,35.0,153.0,107.0,81.0,77.0,5.0,239.6666666666667,421.0,353.0,429.0,5.0,73.0,118,58,118,58
811,4,SOUTH,60,2.0,2.0,2.0,2.0,2.0,2.0,2.0,2.0,2.0,2.0,2.0,2.0,2.0,2.0,62.0,182.0,293.0,2.0,2.0,2.0,2.0,2.0,2.0,2.0,2.0,2.0,2.0,2.0,2.0,2.0,2.0,2.0,122.0,2.0,2.0,2.0,2.0,2.0,2,2,2,2
812,4,SOUTH,61,20.0,20.0,20.0,20.0,20.0,20.0,20.0,20.0,20.0,20.0,104.0,3824.0,3544.0,6336.0,2240.0,120.0,232.0,280.0,20.0,20.0,20.0,20.0,340.0,244.0,20.0,20.0,20.0,572.0,40.0,20.0,420.0,20.0,20.0,20.0,20.0,7280.0,64.0,20.0,4300,36,4300,36
813,4,SOUTH,62,6.0,6.0,6.0,6.0,6.0,6.0,6.0,6.0,6.0,6.0,6.0,6.0,6.0,6.0,6.0,6.0,6.0,6.0,6.0,6.0,6.0,6.0,63.0,150.0,6.0,132.0,156.0,138.0,303.0,168.0,189.0,319.0,342.0,396.0,321.0,159.0,150.0,48.0,152,70,152,70
814,4,SOUTH,63,15.0,15.0,15.0,15.0,15.0,15.0,15.0,15.0,15.0,15.0,15.0,15.0,15.0,15.0,15.0,15.0,15.0,15.0,15.0,15.0,15.0,15.0,91.0,199.0,15.0,163.0,167.0,159.0,347.0,227.0,195.0,523.0,399.0,433.6666666666667,319.0,371.0,271.0,15.0,317,172,318,108
815,4,SOUTH,416,307.0,187.0,225.0,129.0,65.0,305.0,143.0,293.0,133.0,167.0,153.0,245.0,151.0,99.0,111.0,199.0,111.0,73.0,211.0,229.0,125.0,139.0,151.0,121.0,1.0,45.0,157.0,65.0,1.0,1.0,79.0,229.0,203.0,87.0,153.0,21.0,155.0,17.0,94,83,94,83
816,4,SOUTH,64,197.0,191.0,179.0,89.0,173.0,92.0,107.0,143.0,101.0,146.0,131.0,128.0,191.0,32.0,206.0,185.0,65.0,62.0,152.0,134.0,89.0,101.0,101.0,77.0,5.0,68.0,182.0,95.0,98.0,29.0,218.0,203.0,143.0,92.0,89.0,110.0,23.0,20.0,57,21,57,21
817,4,SOUTH,65,119.0,77.0,77.0,59.0,38.0,17.0,104.0,35.0,17.0,86.0,38.0,71.0,71.0,68.0,17.0,92.0,17.0,101.0,107.0,50.0,116.0,35.0,41.0,20.0,17.0,86.0,89.0,83.0,119.0,50.0,86.0,68.0,50.0,47.0,89.0,26.0,35.0,26.0,29,31,29,31
818,4,SOUTH,66,16.0,16.0,16.0,16.0,16.0,16.0,16.0,16.0,16.0,16.0,16.0,16.0,16.0,16.0,16.0,16.0,16.0,16.0,16.0,16.0,16.0,16.0,16.0,16.0,16.0,16.0,16.0,30.0,70.0,24.0,56.0,68.0,72.0,142.0,192.0,179.6666666666667,125.0,56.0,118,33,118,33
819,4,SOUTH,67,7.0,7.0,7.0,7.0,7.0,7.0,7.0,7.0,7.0,7.0,7.0,7.0,7.0,7.0,7.0,7.0,7.0,7.0,7.0,7.0,85.0,160.0,82.0,37.0,7.0,67.0,157.0,91.0,157.0,67.0,187.0,214.0,343.0,511.0,511.0,433.0,415.0,289.0,408,274,408,274
820,4,SOUTH,244,12.0,12.0,12.0,12.0,12.0,12.0,12.0,12.0,12.0,12.0,12.0,12.0,12.0,12.0,12.0,12.0,12.0,12.0,12.0,12.0,40.0,146.0,44.0,30.0,12.0,44.0,56.0,16.0,24.0,28.0,20.0,74.0,48.0,72.0,168.0,154.6666666666667,124.0,36.0,130,47,135,57
821,4,SOUTH,69,349.0,481.0,241.0,193.0,211.0,193.0,115.0,403.0,217.0,127.0,259.0,250.0,277.0,271.0,223.0,127.0,265.0,91.0,235.0,235.0,139.0,217.0,223.0,154.0,76.0,55.0,319.0,175.0,439.0,247.0,217.0,337.0,295.0,160.0,202.0,457.0,187.0,73.0,269,282,269,282
822,4,SOUTH,70,173.0,137.0,133.0,41.0,73.0,57.0,73.0,165.0,25.0,55.0,141.0,109.0,125.0,105.0,135.0,61.0,133.0,103.0,165.0,209.0,125.0,181.0,117.0,121.0,13.0,89.0,93.0,97.0,158.3333333333333,141.0,177.0,133.0,117.0,173.0,177.0,177.0,121.0,45.0,147,77,147,77
823,4,SOUTH,71,97.0,97.0,73.0,51.0,69.0,53.0,51.0,39.0,31.0,48.0,23.0,51.0,47.0,51.0,31.0,39.0,31.0,61.0,47.0,75.0,31.0,31.0,93.0,37.0,33.0,49.0,43.0,73.0,33.0,87.0,87.0,67.0,83.0,90.0,21.0,27.0,29.0,21.0,25,25,28,24
824,4,SOUTH,72,129.0,99.0,115.0,67.0,127.0,75.0,73.0,111.0,97.0,81.0,91.0,65.0,129.0,121.0,105.0,71.0,105.0,69.0,57.0,89.0,61.0,107.0,41.0,81.0,41.66666666666666,39.0,34.0,51.0,109.0,89.0,77.0,59.0,97.0,95.0,71.0,33.0,17.0,11.0,24,13,24,13
825,4,SOUTH,73,12.0,12.0,12.0,12.0,12.0,12.0,12.0,12.0,12.0,12.0,12.0,12.0,12.0,12.0,12.0,12.0,12.0,12.0,44.0,70.66666666666667,67.0,69.0,64.0,43.0,12.0,27.0,82.0,28.0,72.0,31.0,57.0,71.0,52.0,38.0,63.0,26.0,19.0,14.0,21,16,21,16
826,4,SOUTH,74,12.0,12.0,12.0,12.0,12.0,12.0,12.0,12.0,12.0,12.0,12.0,12.0,12.0,12.0,12.0,12.0,12.0,12.0,12.0,12.0,12.0,12.0,12.0,12.0,12.0,12.0,46.0,48.0,56.0,44.0,72.0,70.0,68.0,44.0,68.0,58.0,12.0,30.0,26,34,21,25
827,4,SOUTH,245,19.0,19.0,19.0,19.0,19.0,19.0,19.0,19.0,19.0,19.0,19.0,19.0,37.0,181.0,325.0,133.0,19.0,19.0,118.0,19.0,19.0,19.0,19.0,115.0,19.0,205.0,157.0,283.0,19.0,247.0,325.0,229.0,145.0,211.0,55.0,181.0,37.0,22.0,89,49,98,27
828,4,SOUTH,246,16.0,16.0,16.0,16.0,16.0,16.0,16.0,16.0,16.0,16.0,16.0,16.0,44.0,84.66666666666667,65.0,65.0,83.0,16.0,16.0,16.0,16.0,16.0,16.0,52.0,16.0,70.0,60.0,82.0,22.0,92.0,103.0,77.0,86.0,48.0,38.0,22.0,16.0,16.0,18,16,18,16
829,4,SOUTH,76,7.0,7.0,7.0,7.0,7.0,7.0,7.0,7.0,7.0,7.0,7.0,7.0,7.0,7.0,7.0,7.0,7.0,7.0,7.0,7.0,7.0,7.0,7.0,7.0,7.0,7.0,7.0,7.0,7.0,7.0,7.0,7.0,7.0,7.0,7.0,21.0,20.33333333333333,7.0,20,7,20,7
830,4,SOUTH,77,6.0,6.0,6.0,6.0,6.0,6.0,6.0,42.0,20.0,12.0,6.0,18.0,28.0,38.0,68.0,43.0,6.0,6.0,6.0,51.0,38.0,32.0,52.0,32.0,6.0,38.0,24.0,22.0,48.0,16.0,34.0,68.0,74.0,48.0,48.0,66.0,6.0,6.0,18,28,18,28
831,4,SOUTH,78,129.0,11.0,96.0,75.0,109.0,71.0,71.0,103.0,40.0,110.0,65.0,83.0,87.0,107.0,65.0,79.0,122.0,125.0,101.0,137.0,59.0,161.0,87.0,149.0,7.0,47.0,91.0,97.0,135.0,91.0,141.0,133.0,135.0,69.0,83.0,121.0,7.0,17.0,91,10,98,25
832,4,SOUTH,79,83.0,67.0,103.0,23.0,79.0,59.0,59.0,79.0,27.0,33.0,43.0,55.0,15.0,35.0,25.0,23.0,103.0,111.0,35.0,51.0,31.0,63.0,59.0,181.0,15.0,15.0,114.3333333333333,79.0,19.0,59.0,35.0,59.0,67.0,87.0,83.0,71.0,19.0,15.0,40,16,40,16
833,4,SOUTH,248,244.0,228.0,156.0,164.0,180.0,284.0,212.0,268.0,172.0,240.0,196.0,284.0,196.0,260.0,164.0,100.0,180.0,308.0,28.0,52.0,116.0,164.0,156.0,140.0,20.0,132.0,196.0,76.0,132.0,84.0,164.0,108.0,180.0,68.0,124.0,100.0,20.0,20.0,55,19,55,19
834,4,SOUTH,404,531.0,381.0,525.0,150.0,501.0,165.0,282.0,318.0,159.0,207.0,393.0,357.0,459.0,291.0,339.0,222.0,150.0,234.0,273.0,282.0,309.0,138.0,237.0,111.0,9.0,219.0,285.0,243.0,297.0,99.0,207.0,423.0,231.0,135.0,159.0,177.0,105.0,45.0,145,78,145,78
835,4,SOUTH,417,125.3333333333333,76.0,126.0,83.0,94.0,88.0,54.0,124.0,70.0,82.0,76.0,140.0,112.0,110.0,84.0,68.0,77.0,52.0,83.0,112.0,86.0,85.0,106.0,42.0,20.0,22.0,144.0,76.0,112.0,52.0,32.0,120.0,74.0,87.0,95.0,86.0,58.0,26.0,71,41,71,41
836,4,SOUTH,80,1059.0,1695.0,1199.0,781.0,1331.0,809.0,1011.0,983.0,705.0,885.0,1075.0,1337.0,1595.0,1357.0,1237.0,945.0,767.0,683.0,1087.0,1273.0,795.0,651.0,927.0,631.0,612.3333333333334,1195.0,947.0,1003.0,1047.0,623.0,843.0,1179.0,1049.0,365.0,651.0,817.0,685.0,325.0,652,513,652,513
837,4,SOUTH,81,1379.0,1211.0,787.0,587.0,835.0,419.0,843.0,963.0,611.0,787.0,1203.0,923.0,627.0,1627.0,427.0,203.0,619.0,859.0,1123.0,675.0,491.0,1091.0,1091.0,739.0,11.0,159.0,921.6666666666666,699.0,1355.0,763.0,1275.0,1451.0,1299.0,627.0,867.0,795.0,275.0,107.0,427,152,427,152
838,4,SOUTH,82,437.0,437.0,332.3333333333333,175.0,293.0,201.0,217.0,169.0,137.0,175.0,181.0,193.0,245.0,181.0,93.0,249.0,29.0,169.0,321.0,9.0,213.0,109.0,61.0,89.0,9.0,261.0,145.0,93.0,293.0,145.0,153.0,241.0,93.0,145.0,57.0,133.0,49.0,41.0,85,89,97,45
839,4,SOUTH,84,17.0,17.0,17.0,17.0,17.0,17.0,17.0,17.0,17.0,17.0,17.0,19.0,17.0,30.0,23.0,25.0,30.0,17.0,17.0,17.0,18.0,17.0,183.0,33.0,17.0,71.0,112.0,319.0,117.0,180.0,296.6666666666667,41.0,169.0,101.0,165.0,152.0,581.0,25.0,292,406,292,406
840,4,SOUTH,86,12.0,52.0,96.0,72.0,64.0,84.0,80.0,93.33333333333333,84.0,56.0,80.0,112.0,76.0,48.0,96.0,16.0,84.0,84.0,64.0,72.0,52.0,68.0,52.0,12.0,12.0,68.0,53.0,34.0,72.0,64.0,80.0,80.0,92.0,68.0,60.0,88.0,32.0,16.0,55,52,55,52
841,4,SOUTH,250,140.0,320.0,116.0,260.0,344.0,182.0,242.0,296.0,224.0,134.0,254.0,296.0,320.0,218.0,314.0,188.0,200.0,230.0,194.0,338.0,122.0,152.0,212.0,146.0,20.0,182.0,188.0,188.0,230.0,140.0,182.0,206.0,344.0,170.0,164.0,140.0,80.0,20.0,110,49,110,49
842,4,SOUTH,87,12.0,12.0,12.0,12.0,12.0,12.0,12.0,12.0,12.0,12.0,12.0,12.0,12.0,12.0,12.0,12.0,12.0,12.0,12.0,12.0,12.0,12.0,12.0,12.0,12.0,12.0,12.0,12.0,12.0,12.0,12.0,12.0,12.0,12.0,12.0,16.0,14.0,16.66666666666667,14,14,14,14
843,4,SOUTH,359,3.0,3.0,117.0,237.0,159.0,81.0,117.0,135.0,105.0,75.0,159.0,195.0,165.0,159.0,27.0,51.0,141.0,141.0,99.0,183.0,141.0,105.0,63.0,63.0,3.0,81.0,123.0,153.0,63.0,99.0,15.0,3.0,237.0,93.0,57.0,189.0,3.0,6.0,14,89,14,89
844,4,SOUTH,88,2408.0,2078.0,1037.0,1709.0,2336.0,1103.0,1565.0,1634.0,1514.0,1427.0,1139.0,1586.0,2396.0,1913.0,1526.0,953.0,839.0,968.0,1112.0,1286.0,746.0,1052.0,917.0,758.0,8.0,1052.0,1142.0,896.0,1142.0,824.0,890.0,1328.0,1568.0,461.0,578.0,614.0,554.0,344.0,558,449,558,449
845,4,SOUTH,251,905.0,859.0,451.0,175.0,1183.0,487.0,691.0,793.0,529.0,613.0,379.0,772.0,889.0,577.0,553.0,361.0,361.0,445.0,364.0,454.0,361.0,445.0,535.0,457.0,13.0,343.0,172.0,301.0,253.0,463.0,373.0,487.0,547.0,232.0,295.0,301.0,133.0,31.0,215,79,215,79
846,4,SOUTH,361,205.0,13.0,121.0,85.0,157.0,115.0,1.0,121.0,161.0,121.0,109.0,157.0,142.0,121.0,193.0,133.0,97.0,1.0,133.0,109.0,109.0,157.0,97.0,121.0,1.0,25.0,97.0,37.0,145.0,121.0,145.0,13.0,61.0,13.0,121.0,97.0,61.0,19.0,80,41,80,41
847,4,SOUTH,89,296.3333333333333,315.0,179.0,275.0,231.0,147.0,167.0,243.0,135.0,195.0,187.0,215.0,255.0,243.0,271.0,207.0,115.0,119.0,183.0,163.0,127.0,67.0,179.0,87.0,19.0,53.0,123.0,107.0,143.0,51.0,107.0,155.0,177.0,77.0,59.0,155.0,55.0,27.0,61,85,61,85
848,4,SOUTH,90,87.0,7.0,118.0,7.0,7.0,55.0,25.0,37.0,28.0,25.0,52.0,58.0,22.0,25.0,28.0,7.0,31.0,19.0,10.0,25.0,31.0,19.0,19.0,19.0,7.0,40.0,76.0,61.0,34.0,28.0,73.0,16.0,100.0,22.0,40.0,43.0,31.0,7.0,39,23,41,35
849,4,SOUTH,92,1.0,1.0,1.0,1.0,50.33333333333334,41.0,35.0,19.0,31.0,37.0,31.0,43.0,41.0,97.0,35.0,41.0,25.0,21.0,37.0,23.0,31.0,15.0,29.0,25.0,1.0,11.0,53.0,11.0,33.0,21.0,53.0,1.0,33.0,43.0,35.0,19.0,5.0,1.0,12,2,12,2
850,4,SOUTH,93,16.0,16.0,16.0,40.0,196.0,108.0,84.0,136.0,88.0,88.0,80.0,144.0,152.0,184.0,56.0,122.6666666666667,88.0,160.0,124.0,124.0,100.0,104.0,40.0,16.0,16.0,16.0,16.0,184.0,64.0,68.0,184.0,108.0,52.0,104.0,136.0,16.0,16.0,16.0,16,15,16,15
851,4,SOUTH,95,33.0,25.0,21.0,5.0,5.0,5.0,45.0,29.0,37.0,29.0,25.0,9.0,45.0,5.0,33.0,5.0,5.0,29.0,25.0,29.0,13.0,41.0,39.66666666666666,17.0,5.0,21.0,17.0,41.0,41.0,9.0,17.0,33.0,21.0,5.0,13.0,21.0,5.0,9.0,12,7,12,10
852,4,SOUTH,418,14.0,14.0,14.0,14.0,14.0,14.0,14.0,14.0,14.0,14.0,14.0,14.0,14.0,14.0,14.0,14.0,14.0,14.0,14.0,14.0,14.0,14.0,22.0,82.0,14.0,28.0,70.0,42.0,36.0,22.0,42.0,16.0,30.0,46.0,60.0,60.66666666666666,32.0,34.0,44,33,49,45
853,4,SOUTH,97,1044.0,324.0,180.0,852.0,692.0,524.0,680.0,1032.0,832.0,520.0,484.0,604.0,580.0,812.0,656.0,52.0,524.0,408.0,532.0,832.0,580.0,300.0,476.0,456.0,4.0,296.0,744.0,12.0,260.0,4.0,164.0,574.6666666666666,412.0,384.0,444.0,404.0,372.0,12.0,382,123,382,123
854,4,SOUTH,98,376.0,228.0,456.0,296.0,126.0,360.0,294.0,482.0,334.0,172.0,308.0,300.0,396.0,290.0,316.0,352.0,208.0,190.0,346.0,382.0,324.0,160.0,276.0,290.0,12.0,208.0,430.0,200.0,276.0,200.0,92.0,164.0,472.0,184.0,196.0,210.0,116.0,12.0,152,50,152,50
855,4,SOUTH,252,543.0,447.0,519.0,789.0,447.0,369.0,459.0,635.0,447.0,300.0,231.0,417.0,399.0,411.0,441.0,525.0,315.0,192.0,309.0,474.0,429.0,279.0,153.0,219.0,3.0,279.0,447.0,303.0,459.0,63.0,465.0,375.0,255.0,213.0,219.0,189.0,165.0,15.0,172,63,172,63
856,4,SOUTH,253,829.0,911.0,721.0,379.0,571.0,379.0,328.0,565.0,412.0,364.0,469.0,574.0,493.0,535.0,331.0,235.0,157.0,223.0,418.0,145.0,415.0,220.0,154.0,328.0,1.0,190.0,319.0,1.0,553.0,229.0,268.0,247.0,133.0,85.0,325.0,1.0,1.0,13.0,1,6,114,4
857,4,SOUTH,362,7.0,7.0,7.0,7.0,7.0,7.0,7.0,7.0,7.0,7.0,7.0,7.0,7.0,7.0,7.0,7.0,7.0,7.0,79.0,187.0,172.0,277.0,148.0,244.0,7.0,241.0,322.0,379.0,310.0,220.0,13.0,361.0,205.0,187.0,205.0,160.0,100.0,34.0,127,63,127,63
858,4,SOUTH,419,4.0,4.0,4.0,4.0,4.0,4.0,4.0,4.0,4.0,4.0,4.0,4.0,4.0,4.0,68.66666666666667,68.0,50.0,18.0,14.0,44.0,28.0,14.0,50.0,42.0,4.0,44.0,32.0,52.0,98.0,82.0,30.0,54.0,46.0,54.0,14.0,14.0,10.0,10.0,10,10,10,10
859,4,SOUTH,254,4.0,4.0,4.0,4.0,4.0,4.0,4.0,4.0,4.0,4.0,4.0,4.0,4.0,278.0,220.0,268.0,169.0,88.0,115.0,208.0,136.0,202.0,133.0,253.0,4.0,169.0,160.0,289.0,424.0,4.0,265.0,196.0,70.0,217.0,82.0,61.0,88.0,46.0,73,68,73,68
860,4,SOUTH,331,510.0,282.0,274.0,182.0,482.0,198.0,320.0,386.0,322.0,328.0,406.0,394.0,398.0,330.0,278.0,316.0,226.0,270.0,214.0,388.0,190.0,186.0,390.0,92.0,80.0,138.0,258.0,226.0,186.0,266.0,262.0,334.0,250.0,194.0,118.0,122.0,158.0,62.0,132,116,132,116
861,4,SOUTH,255,356.0,236.0,378.0,362.0,296.0,258.0,225.0,258.0,318.0,181.0,244.0,368.0,310.0,362.0,348.0,184.0,136.0,182.0,160.0,206.0,206.0,202.0,184.0,142.0,81.33333333333333,94.0,328.0,88.0,174.0,174.0,290.0,220.0,120.0,170.0,122.0,248.0,136.0,70.0,161,137,161,137
862,4,SOUTH,332,552.0,542.0,384.0,258.0,324.0,258.0,441.0,408.0,222.0,303.0,222.0,462.0,318.0,546.0,354.0,48.0,102.0,96.0,210.0,228.0,126.0,324.0,66.0,486.0,12.0,234.0,315.0,360.0,174.0,144.0,198.0,168.0,492.0,156.0,132.0,102.0,102.0,246.0,104,161,102,167
863,4,SOUTH,256,876.0,698.0,786.0,520.0,398.0,404.0,506.0,628.0,629.0,901.0,452.0,924.0,628.0,658.0,788.0,278.0,852.0,238.0,292.0,665.0,600.0,314.0,764.0,400.0,10.0,478.0,454.0,90.0,610.0,500.0,282.0,858.0,494.0,618.0,226.0,346.0,304.0,64.0,282,297,282,297
864,4,SOUTH,257,565.0,431.0,343.0,229.0,269.0,283.0,341.0,335.0,294.0,417.0,143.0,434.3333333333333,421.0,369.0,467.0,147.0,497.0,145.0,173.0,431.0,381.0,125.0,407.0,61.0,19.0,223.0,261.0,145.0,265.0,241.0,277.0,691.0,261.0,327.0,433.0,421.0,203.0,85.0,319,143,319,143
865,4,SOUTH,368,2.0,2.0,2.0,2.0,2.0,2.0,2.0,2.0,2.0,2.0,2.0,2.0,2.0,2.0,2.0,2.0,2.0,2.0,2.0,2.0,2.0,34.0,2.0,10.0,2.0,10.0,2.0,34.0,148.6666666666667,106.0,100.0,34.0,72.0,114.0,94.0,78.0,98.0,2.0,95,22,95,22
866,4,SOUTH,258,737.0,1053.0,933.0,577.0,437.0,629.0,801.0,637.0,381.0,603.0,561.0,921.0,1109.0,577.0,725.0,589.0,533.0,389.0,313.0,387.0,555.0,377.0,941.0,505.0,241.0,205.0,389.0,213.0,405.0,309.0,337.0,501.0,265.0,309.0,645.0,321.0,181.0,101.0,218,121,218,121
867,4,SOUTH,373,1.0,1.0,1.0,1.0,1.0,1.0,1.0,1.0,1.0,1.0,1.0,1.0,1.0,1.0,1.0,1.0,1.0,1.0,1.0,1.0,1.0,1.0,1.0,1.0,1.0,1.0,1.0,1.0,1.0,1.0,1.0,85.0,361.0,465.0,505.0,329.0,487.0,317.6666666666667,512,323,512,323
868,4,SOUTH,259,8.0,8.0,8.0,8.0,8.0,8.0,8.0,8.0,8.0,8.0,8.0,8.0,8.0,8.0,8.0,8.0,8.0,8.0,8.0,8.0,8.0,8.0,8.0,8.0,8.0,8.0,770.6666666666666,632.0,696.0,952.0,1184.0,1008.0,1196.0,664.0,736.0,1208.0,700.0,304.0,794,573,794,573
869,4,SOUTH,260,2.0,2.0,2.0,2.0,2.0,2.0,2.0,2.0,2.0,2.0,2.0,2.0,2.0,2.0,2.0,2.0,2.0,2.0,2.0,2.0,2.0,2.0,2.0,2.0,2.0,2.0,272.0,146.0,104.0,152.0,218.0,128.0,212.0,92.0,134.0,234.0,164.0,38.0,166,133,166,133
870,4,SOUTH,261,13.0,13.0,13.0,13.0,13.0,13.0,13.0,13.0,13.0,13.0,13.0,13.0,13.0,13.0,13.0,13.0,13.0,13.0,13.0,13.0,13.0,13.0,13.0,13.0,13.0,13.0,13.0,13.0,13.0,1005.0,1513.0,1939.0,1819.0,1475.0,1411.0,1721.0,1929.0,1521.0,1985,1261,1985,1261
871,4,SOUTH,263,7.0,7.0,7.0,7.0,7.0,7.0,7.0,49.0,19.0,19.0,37.0,43.0,163.0,151.0,7.0,31.0,7.0,91.0,121.0,97.0,157.0,109.0,157.0,49.0,7.0,169.0,133.0,91.0,79.0,151.0,109.0,205.0,229.0,133.0,145.0,235.0,55.0,97.0,95,154,95,154
872,4,SOUTH,264,2189.0,1461.0,1429.0,1109.0,1125.0,965.0,1461.0,1693.0,2589.0,1377.0,1461.0,2709.0,2789.0,4685.0,3981.0,2213.0,1997.0,1341.0,2333.0,3125.0,2869.0,3461.0,2957.0,1917.0,1810.333333333333,3509.0,2317.0,2285.0,2453.0,2309.0,3501.0,4245.0,3197.0,1949.0,2085.0,4561.0,2529.0,1141.0,2108,2215,2108,2215
873,4,SOUTH,267,3.0,3.0,3.0,3.0,3.0,3.0,3.0,3.0,7.0,35.0,55.0,19.0,47.0,59.0,39.0,19.0,51.0,23.0,11.0,35.0,71.0,63.0,87.0,3.0,3.0,3.0,11.0,47.0,27.0,3.0,3.0,59.0,91.0,47.0,63.0,77.66666666666667,31.0,7.0,36,26,36,26
874,4,SOUTH,268,82.0,182.0,14.0,486.0,186.0,102.0,82.0,142.0,1074.0,102.0,670.0,652.0,966.0,986.0,1030.0,798.0,598.0,406.0,824.0,1014.0,738.0,1090.0,1094.0,834.0,445.3333333333333,496.0,722.0,538.0,534.0,642.0,758.0,830.0,742.0,726.0,734.0,596.0,478.0,146.0,531,291,531,291
875,4,SOUTH,269,122.0,130.0,150.0,329.0,128.0,219.0,345.0,226.0,239.0,250.0,332.0,238.0,315.0,84.0,614.0,231.0,234.0,151.0,332.0,343.0,272.0,229.0,294.0,201.0,12.0,271.0,317.0,216.0,328.0,168.0,455.0,337.0,299.0,160.0,188.0,233.0,215.0,43.0,215,176,215,176
876,4,SOUTH,270,378.0,500.0,600.0,210.0,184.0,308.0,338.0,234.0,228.0,310.0,266.0,476.0,408.0,490.0,626.0,316.0,394.0,266.0,378.0,446.0,424.0,374.0,430.0,322.0,4.0,378.0,564.0,340.0,164.0,530.0,658.0,386.0,422.0,116.0,364.0,372.0,478.0,30.0,436,163,436,163
877,4,SOUTH,271,2601.0,1926.0,2433.0,2196.0,1707.0,2160.0,2361.0,2670.0,2202.0,1839.0,2499.0,3369.0,3843.0,3387.0,3093.0,1932.0,2631.0,1134.0,3822.0,2820.0,2649.0,1935.0,2580.0,1578.0,6.0,1734.0,2040.0,2406.0,2442.0,2091.0,3612.0,2910.0,4149.0,2166.0,1230.0,2085.0,1917.0,609.0,1939,1187,1939,1187
878,4,SOUTH,272,2.0,2.0,2.0,2.0,2.0,2.0,2.0,2.0,2.0,2.0,2.0,2.0,2.0,14.0,32.0,12.0,34.0,119.0,159.0,230.0,223.0,92.0,238.0,137.0,2.0,62.0,287.0,127.0,304.0,237.0,284.6666666666667,285.0,209.0,82.0,180.0,167.0,199.0,13.0,186,87,186,87
879,4,SOUTH,420,13.0,13.0,13.0,13.0,13.0,13.0,13.0,13.0,13.0,13.0,13.0,13.0,13.0,13.0,13.0,13.0,107.0,43.0,111.0,81.0,91.0,57.0,95.0,59.0,13.0,47.0,45.0,101.0,105.0,109.0,49.0,103.0,31.0,91.0,115.0,59.0,13.0,37.0,35,25,35,25
880,4,SOUTH,273,3.0,3.0,3.0,3.0,3.0,3.0,3.0,3.0,3.0,3.0,3.0,3.0,3.0,3.0,3.0,3.0,57.0,25.0,63.0,37.0,127.0,75.0,83.0,65.0,3.0,61.0,97.0,127.0,71.0,7.0,59.0,27.0,77.0,85.0,49.0,21.0,3.0,33.0,9,23,8,23
881,4,SOUTH,274,13.0,13.0,13.0,13.0,13.0,13.0,13.0,13.0,13.0,13.0,13.0,13.0,13.0,169.0,345.0,259.0,199.0,175.0,499.0,445.0,376.0,298.0,268.0,241.0,13.0,346.0,451.0,532.0,196.0,13.0,457.0,337.0,166.0,157.0,304.0,289.0,13.0,103.0,71,216,71,216
882,4,SOUTH,275,711.0,863.0,853.0,515.0,681.0,473.0,595.0,727.0,343.0,493.0,529.0,547.0,705.0,643.0,495.0,395.0,377.0,279.0,397.0,503.0,289.0,367.0,107.0,213.0,13.0,49.0,493.0,313.0,473.0,121.0,89.0,743.0,381.0,241.0,255.0,177.0,247.0,101.0,219,158,219,158
883,4,SOUTH,276,16.0,78.0,64.0,84.0,85.33333333333333,68.0,44.0,62.0,32.0,49.0,36.0,50.0,46.0,92.0,36.0,6.0,30.0,54.0,44.0,48.0,20.0,34.0,24.0,6.0,6.0,26.0,40.0,56.0,38.0,6.0,6.0,68.0,54.0,26.0,39.0,8.0,42.0,14.0,32,22,32,22
884,4,SOUTH,277,222.0,162.0,10.0,218.0,118.0,236.3333333333333,229.0,228.0,187.0,209.0,170.0,324.0,296.0,270.0,267.0,164.0,151.0,168.0,154.0,190.0,158.0,229.0,165.0,122.0,10.0,120.0,240.0,198.0,156.0,156.0,182.0,218.0,168.0,100.0,178.0,204.0,48.0,18.0,103,26,103,26
885,4,SOUTH,278,143.0,207.0,15.0,175.0,267.0,177.0,219.0,229.0,183.0,183.0,165.0,197.0,211.0,175.0,196.6666666666667,138.0,161.0,219.0,113.0,124.0,107.0,136.0,107.0,109.0,5.0,127.0,129.0,149.0,107.0,115.0,193.0,153.0,251.0,121.0,113.0,205.0,51.0,11.0,120,121,120,121
886,4,SOUTH,279,4.0,4.0,4.0,4.0,4.0,4.0,4.0,4.0,4.0,4.0,4.0,4.0,4.0,4.0,4.0,4.0,4.0,4.0,4.0,4.0,4.0,184.0,4.0,4.0,4.0,4.0,448.0,214.0,760.0,562.0,286.0,754.0,772.0,130.0,456.0,568.0,301.0,34.0,415,131,417,336
887,4,SOUTH,280,13.0,13.0,13.0,13.0,13.0,13.0,13.0,13.0,13.0,13.0,13.0,13.0,13.0,13.0,13.0,13.0,13.0,13.0,13.0,13.0,13.0,149.0,81.0,13.0,13.0,13.0,349.0,113.0,297.0,261.0,283.0,305.0,357.0,289.0,141.0,309.0,37.0,173.0,213,107,215,87
888,4,SOUTH,281,19.0,19.0,19.0,19.0,19.0,19.0,19.0,19.0,19.0,19.0,19.0,19.0,19.0,19.0,19.0,19.0,19.0,19.0,19.0,19.0,19.0,19.0,19.0,19.0,19.0,19.0,223.0,143.0,231.0,197.0,283.0,306.3333333333333,289.0,173.0,211.0,227.0,151.0,91.0,178,98,179,108
889,4,SOUTH,282,8.0,8.0,8.0,8.0,8.0,8.0,8.0,8.0,8.0,8.0,8.0,8.0,8.0,8.0,8.0,8.0,8.0,8.0,104.0,178.6666666666667,198.0,170.0,131.0,86.0,8.0,71.0,30.0,16.0,114.0,112.0,208.0,114.0,42.0,102.0,70.0,136.0,90.0,22.0,94,26,94,26
890,4,SOUTH,375,12.0,12.0,12.0,12.0,12.0,12.0,12.0,12.0,12.0,12.0,12.0,12.0,12.0,12.0,12.0,12.0,12.0,12.0,12.0,12.0,12.0,52.0,40.0,26.0,12.0,34.0,36.0,40.0,20.0,32.0,40.0,24.0,74.0,14.0,20.0,48.0,48.0,24.0,36,39,36,39
891,4,SOUTH,284,4.0,4.0,4.0,4.0,4.0,4.0,4.0,4.0,4.0,4.0,4.0,4.0,4.0,4.0,4.0,4.0,4.0,4.0,4.0,4.0,4.0,100.6666666666667,94.0,88.0,4.0,114.0,80.0,48.0,120.0,26.0,192.0,106.0,116.0,116.0,102.0,114.0,16.0,4.0,78,10,78,10
892,4,SOUTH,285,17.0,17.0,17.0,17.0,17.0,17.0,17.0,17.0,17.0,17.0,17.0,17.0,17.0,17.0,17.0,17.0,17.0,17.0,88.0,85.33333333333333,87.0,37.0,25.0,45.0,17.0,25.0,27.0,24.0,40.0,22.0,36.0,29.0,22.0,24.0,30.0,40.0,22.0,17.0,24,17,24,17
893,4,SOUTH,377,7.0,7.0,7.0,7.0,7.0,7.0,7.0,7.0,7.0,7.0,7.0,7.0,7.0,7.0,7.0,7.0,7.0,7.0,7.0,7.0,7.0,7.0,31.0,7.0,7.0,7.0,7.0,7.0,7.0,7.0,33.0,11.0,43.0,47.0,57.66666666666666,49.0,47.0,7.0,47,25,47,25
894,4,SOUTH,286,17.0,162.3333333333333,133.0,87.0,35.0,179.0,137.0,233.0,75.0,103.0,123.0,179.0,163.0,191.0,109.0,57.0,21.0,137.0,17.0,17.0,243.0,161.0,141.0,125.0,17.0,43.0,193.0,133.0,37.0,117.0,17.0,53.0,185.0,19.0,17.0,17.0,17.0,49.0,17,37,17,37
895,4,SOUTH,421,10.0,10.0,10.0,10.0,10.0,10.0,10.0,10.0,10.0,10.0,10.0,10.0,10.0,10.0,10.0,10.0,10.0,10.0,10.0,10.0,10.0,10.0,14.0,11.0,10.0,24.0,28.66666666666667,20.0,19.0,14.0,15.0,22.0,41.0,25.0,26.0,21.0,17.0,15.0,17,15,17,15
896,4,SOUTH,101,11.0,11.0,11.0,11.0,11.0,11.0,11.0,11.0,11.0,11.0,11.0,11.0,11.0,11.0,11.0,11.0,11.0,11.0,11.0,11.0,11.0,11.0,11.0,11.0,11.0,11.0,11.0,91.0,11.0,259.0,59.0,479.0,395.0,651.0,51.0,317.6666666666667,219.0,19.0,286,148,286,148
897,4,SOUTH,102,4.0,4.0,4.0,4.0,4.0,4.0,4.0,4.0,4.0,4.0,4.0,4.0,4.0,4.0,4.0,4.0,4.0,4.0,4.0,4.0,4.0,4.0,4.0,4.0,4.0,4.0,4.0,4.0,4.0,44.66666666666666,28.0,49.0,14.0,161.0,163.0,154.0,130.0,58.0,135,70,135,70
898,4,SOUTH,103,389.0,417.0,309.0,137.0,225.0,213.0,261.0,221.0,225.0,117.0,221.0,373.0,213.0,305.0,293.0,257.0,37.0,105.0,297.0,265.0,281.0,189.0,137.0,121.0,1.0,309.0,197.0,225.0,185.0,281.0,193.0,309.0,149.0,129.0,129.0,193.0,161.0,1.0,164,69,164,69
899,4,SOUTH,104,380.0,407.0,305.0,215.0,275.0,146.0,248.0,215.0,167.0,152.0,206.0,254.0,251.0,284.0,263.0,176.0,185.0,170.0,221.0,233.0,209.0,161.0,227.0,131.0,17.0,17.0,281.0,131.0,29.0,107.0,200.0,227.0,179.0,149.0,245.0,182.0,134.0,26.0,143,43,143,43
900,4,SOUTH,105,175.0,175.0,295.0,143.0,191.0,87.0,179.0,103.0,87.0,47.0,103.0,279.0,127.0,195.0,99.0,199.0,127.0,91.0,227.0,139.0,115.0,135.0,115.0,71.0,68.33333333333333,119.0,259.0,87.0,215.0,119.0,171.0,59.0,239.0,111.0,139.0,67.0,139.0,51.0,91,110,91,110
901,4,SOUTH,106,573.0,461.0,433.0,149.0,443.0,375.0,455.0,367.0,473.0,623.0,467.0,671.0,787.0,715.0,639.0,461.0,389.0,507.0,491.0,603.0,415.0,399.0,469.0,317.0,263.0,471.0,647.0,577.0,557.0,435.0,375.0,705.0,701.0,317.0,353.0,453.0,293.0,93.0,302,189,302,189
902,4,SOUTH,107,150.0,342.0,180.0,262.0,142.0,252.0,192.0,158.0,280.0,268.0,278.0,288.0,364.0,378.6666666666667,378.0,230.0,154.0,266.0,126.0,298.0,122.0,140.0,146.0,230.0,10.0,48.0,178.0,150.0,162.0,122.0,230.0,30.0,22.0,182.0,122.0,166.0,70.0,14.0,124,44,124,44
903,4,SOUTH,108,75.0,495.0,265.0,11.0,559.0,435.0,487.0,477.0,545.0,581.0,597.0,557.0,815.6666666666666,841.0,577.0,633.0,355.0,443.0,605.0,803.0,389.0,591.0,585.0,357.0,11.0,279.0,879.0,507.0,555.0,427.0,765.0,547.0,689.0,301.0,425.0,439.0,349.0,115.0,382,198,388,255
904,4,SOUTH,109,10.0,130.0,282.0,126.0,66.0,326.0,186.0,310.0,170.0,202.0,338.0,250.0,274.0,338.0,250.0,202.0,210.0,254.0,154.0,298.0,130.0,390.0,202.0,230.0,10.0,86.0,294.0,114.0,354.0,386.0,210.0,278.0,258.0,540.6666666666666,386.0,142.0,366.0,10.0,251,213,251,213
905,4,SOUTH,110,23.0,15.0,15.0,15.0,15.0,15.0,87.0,15.0,43.0,203.0,31.0,43.0,15.0,39.0,15.0,15.0,15.0,15.0,15.0,83.0,27.0,15.0,15.0,63.0,15.0,23.0,15.0,67.0,31.0,15.0,23.0,39.0,15.0,15.0,47.0,297.6666666666667,31.0,15.0,119,177,119,177
906,4,SOUTH,111,79.0,131.0,87.0,107.0,119.0,167.0,259.0,231.0,155.0,255.0,67.0,215.0,123.0,207.0,307.0,227.0,67.0,115.0,259.0,247.0,155.0,175.0,243.0,239.0,133.6666666666667,143.0,135.0,87.0,175.0,243.0,127.0,279.0,179.0,139.0,323.0,195.0,275.0,79.0,239,173,239,173
907,4,SOUTH,112,7.0,7.0,7.0,7.0,7.0,7.0,7.0,10.0,7.0,31.0,7.0,13.0,16.0,19.0,7.0,19.0,7.0,7.0,7.0,7.0,7.0,7.0,7.0,7.0,7.0,13.0,7.0,7.0,7.0,7.0,7.0,10.0,7.0,7.0,18.0,10.0,13.0,7.0,11,10,11,10
908,4,SOUTH,113,299.0,223.0,279.0,179.0,103.0,191.0,283.0,179.0,123.0,315.0,179.0,235.0,287.0,395.0,319.0,203.0,215.0,211.0,339.0,307.0,288.3333333333333,119.0,307.0,207.0,15.0,99.0,275.0,135.0,291.0,151.0,171.0,303.0,307.0,235.0,391.0,359.0,231.0,63.0,277,113,277,113
909,4,SOUTH,114,20.0,20.0,35.0,20.0,20.0,20.0,29.0,26.0,35.0,26.0,20.0,20.0,32.0,26.0,20.0,20.0,20.0,20.0,20.0,20.0,23.0,32.0,20.0,32.0,20.0,20.0,32.0,26.0,20.0,20.0,26.0,20.0,26.0,20.0,20.0,20.0,26.0,20.0,22,21,22,21
910,4,SOUTH,115,15.0,20.0,11.0,13.0,13.0,13.0,21.0,12.0,11.0,23.0,11.0,11.0,11.0,11.0,23.0,15.0,11.0,11.0,23.0,24.0,30.0,13.0,22.0,13.0,11.0,25.0,13.0,24.0,15.0,18.0,15.0,19.0,14.0,22.0,11.0,11.0,11.0,11.0,11,11,11,11
911,4,SOUTH,116,10.0,10.0,10.0,10.0,14.0,22.0,10.0,10.0,34.0,10.0,10.0,10.0,10.0,26.0,10.0,10.0,18.0,22.0,10.0,10.0,38.0,34.0,10.0,10.0,10.0,10.0,26.0,14.0,14.0,10.0,10.0,10.0,10.0,14.0,30.0,70.0,10.0,10.0,19,44,19,44
912,4,SOUTH,117,12.0,27.0,12.0,12.0,12.0,12.0,21.0,12.0,24.0,12.0,24.0,15.0,12.0,12.0,18.0,12.0,19.0,12.0,12.0,12.0,12.0,12.0,12.0,12.0,12.0,12.0,12.0,12.0,12.0,24.0,12.0,12.0,12.0,12.0,12.0,12.0,12.0,12.0,12,12,12,12
913,4,SOUTH,287,299.0,83.0,19.0,59.0,43.0,147.0,51.0,59.0,75.0,51.0,43.0,59.0,123.0,59.0,83.0,27.0,35.0,19.0,51.0,35.0,35.0,27.0,43.0,27.0,19.0,47.0,19.0,19.0,19.0,19.0,19.0,19.0,35.0,19.0,307.0,27.0,19.0,19.0,22,19,22,19
914,4,SOUTH,121,212.0,548.0,324.0,68.0,4.0,356.0,420.0,212.0,276.0,216.0,228.0,564.0,598.6666666666666,372.0,292.0,180.0,244.0,340.0,228.0,244.0,260.0,196.0,292.0,244.0,4.0,148.0,148.0,196.0,4.0,260.0,196.0,4.0,548.0,260.0,340.0,560.0,212.0,20.0,280,275,280,275
915,4,SOUTH,122,12.0,348.0,159.0,147.0,12.0,78.0,216.0,186.0,12.0,351.0,132.0,288.0,304.0,192.0,12.0,204.0,144.0,171.0,156.0,192.0,60.0,252.0,120.0,192.0,12.0,63.0,300.0,123.0,216.0,240.0,276.0,144.0,144.0,219.0,120.0,252.0,132.0,12.0,185,155,185,155
916,4,SOUTH,422,6.0,70.0,166.0,214.0,70.0,278.0,142.0,118.0,70.0,102.0,6.0,272.6666666666667,326.0,342.0,6.0,198.0,38.0,22.0,54.0,118.0,38.0,38.0,102.0,150.0,6.0,402.0,6.0,22.0,38.0,118.0,102.0,38.0,38.0,70.0,166.0,262.0,230.0,6.0,234,142,234,142
917,4,SOUTH,288,9.0,9.0,9.0,9.0,9.0,9.0,11.0,10.0,28.0,20.0,12.0,131.0,133.0,45.0,37.0,15.0,15.0,19.0,25.0,39.0,27.0,19.0,37.0,31.0,9.0,53.66666666666666,11.0,9.0,29.0,17.0,11.0,23.0,9.0,13.0,13.0,23.0,9.0,9.0,10,9,10,9
918,4,SOUTH,423,15.0,15.0,15.0,15.0,15.0,15.0,15.0,15.0,15.0,15.0,15.0,15.0,15.0,15.0,15.0,117.0,69.0,63.0,87.0,90.0,60.0,81.0,114.0,117.0,15.0,48.0,66.0,51.0,57.0,54.0,39.0,72.0,36.0,36.0,75.0,75.0,69.0,15.0,70,30,70,30
919,4,SOUTH,424,20.0,20.0,20.0,20.0,20.0,20.0,20.0,20.0,20.0,20.0,20.0,20.0,20.0,20.0,20.0,20.0,20.0,20.0,20.0,20.0,20.0,20.0,20.0,20.0,20.0,20.0,20.0,20.0,76.0,56.0,32.0,44.0,80.0,64.0,36.0,65.33333333333333,28.0,20.0,28,43,40,21
920,4,SOUTH,425,4.0,4.0,4.0,4.0,4.0,4.0,4.0,4.0,4.0,4.0,4.0,4.0,4.0,4.0,4.0,4.0,4.0,4.0,4.0,4.0,4.0,4.0,4.0,4.0,4.0,4.0,4.0,4.0,4.0,4.0,19.0,22.0,46.0,25.0,19.0,121.0,93.0,28.0,21,74,21,74
921,4,SOUTH,426,8.0,8.0,8.0,8.0,8.0,8.0,8.0,8.0,8.0,8.0,8.0,8.0,8.0,8.0,8.0,8.0,8.0,8.0,8.0,8.0,8.0,8.0,8.0,28.0,8.0,8.0,8.0,8.0,64.0,44.0,36.0,64.0,72.0,36.0,44.0,76.0,48.0,8.0,42,42,42,42
922,4,SOUTH,123,180.0,144.0,172.0,44.0,12.0,104.0,86.0,104.0,92.0,64.0,54.0,272.0,260.0,84.0,44.0,124.0,36.0,40.0,46.0,104.0,80.0,80.0,24.0,104.0,12.0,117.3333333333333,122.0,84.0,100.0,248.0,96.0,172.0,116.0,104.0,88.0,272.0,136.0,64.0,141,147,141,147
923,4,SOUTH,289,90.0,58.0,14.0,14.0,12.0,18.0,24.0,24.0,16.0,28.0,8.0,66.0,86.0,16.0,16.0,4.0,4.0,26.0,12.0,22.0,14.0,32.0,4.0,4.0,4.0,4.0,4.0,4.0,4.0,46.0,8.0,24.0,10.0,10.0,20.0,54.66666666666666,52.0,10.0,47,21,47,21
924,4,SOUTH,427,179.0,160.0,73.0,12.0,26.0,50.0,52.0,68.0,92.0,77.0,124.0,294.0,72.0,186.0,66.0,42.0,24.0,28.0,62.0,54.0,32.0,42.0,62.0,90.0,10.0,246.0,40.0,10.0,40.0,44.0,62.0,88.0,44.0,50.0,78.0,184.0,34.0,26.0,109,62,109,62
925,4,SOUTH,406,155.0,75.0,19.0,19.0,59.0,83.0,39.0,63.0,75.0,35.0,203.0,95.0,187.0,119.0,51.0,35.0,43.0,27.0,47.0,59.0,27.0,27.0,43.0,99.0,19.0,179.0,19.0,19.0,19.0,35.0,19.0,19.0,75.0,19.0,91.0,219.0,75.0,19.0,144,88,144,88
926,4,SOUTH,124,3193.0,1441.0,568.0,181.0,307.0,715.0,823.0,712.0,1021.0,646.0,2437.0,6202.0,4573.0,1261.0,841.0,499.0,199.0,544.0,388.0,787.0,265.0,2509.0,3583.0,3955.0,7.0,3868.0,1198.0,1975.0,673.0,1351.0,739.0,1489.0,2395.0,4567.0,7453.0,6741.0,2665.0,751.0,3305,887,3305,887
927,4,SOUTH,338,9.0,9.0,9.0,9.0,9.0,9.0,9.0,9.0,9.0,9.0,9.0,9.0,9.0,9.0,9.0,9.0,9.0,9.0,9.0,9.0,9.0,9.0,9.0,9.0,9.0,9.0,9.0,9.0,9.0,9.0,9.0,9.0,9.0,9.0,9.0,241.0,309.0,9.0,319,-104,319,-104
928,4,SOUTH,428,209.0,9.0,11.0,11.0,11.0,53.0,33.0,9.0,45.0,19.0,13.0,187.0,35.0,29.0,9.0,17.0,9.0,17.0,9.0,13.0,13.0,21.0,41.0,33.0,9.0,109.6666666666667,17.0,9.0,9.0,37.0,29.0,63.0,137.0,37.0,37.0,69.0,29.0,9.0,42,36,42,36
929,4,SOUTH,339,752.0,568.0,244.0,128.0,120.0,108.0,248.0,212.0,232.0,156.0,288.0,698.6666666666666,832.0,624.0,328.0,232.0,152.0,172.0,144.0,224.0,144.0,216.0,408.0,624.0,16.0,864.0,632.0,136.0,120.0,320.0,240.0,308.0,256.0,320.0,240.0,808.0,608.0,184.0,541,375,541,375
930,4,SOUTH,126,73.0,82.33333333333333,18.0,13.0,5.0,21.0,73.0,39.0,49.0,70.0,45.0,13.0,3.0,3.0,3.0,5.0,9.0,13.0,3.0,9.0,33.0,17.0,21.0,18.0,3.0,17.0,13.0,11.0,17.0,3.0,7.0,21.0,19.0,31.0,53.0,65.0,69.0,29.0,66,31,68,32
931,4,SOUTH,127,906.0,256.0,158.0,66.0,60.0,126.0,126.0,118.0,316.0,182.0,598.0,766.0,652.0,362.0,206.0,56.0,74.0,54.0,134.0,134.0,178.0,242.0,272.0,448.0,2.0,391.3333333333333,50.0,394.0,22.0,178.0,122.0,134.0,130.0,226.0,582.0,950.0,326.0,66.0,581,130,581,130
932,4,SOUTH,128,2.0,2.0,2.0,167.3333333333333,130.0,74.0,32.0,2.0,218.0,18.0,130.0,172.0,50.0,106.0,122.0,180.0,54.0,230.0,82.0,154.0,204.0,266.0,210.0,178.0,2.0,26.0,42.0,58.0,2.0,2.0,2.0,2.0,2.0,2.0,266.0,138.0,58.0,2.0,92,25,92,25
933,4,SOUTH,129,1314.666666666667,1076.0,194.0,246.0,350.0,26.0,4.0,50.0,1346.0,52.0,50.0,1138.0,946.0,146.0,288.0,124.0,50.0,1032.0,26.0,146.0,98.0,130.0,62.0,74.0,2.0,26.0,122.0,624.0,986.0,322.0,932.0,50.0,2376.0,1538.0,76.0,74.0,26.0,2.0,42,10,42,10
934,4,SOUTH,131,826.0,634.0,876.0,442.0,730.0,82.0,34.0,10.0,728.0,468.0,298.0,658.0,514.0,610.0,394.0,612.0,794.0,442.0,610.0,730.0,390.0,466.0,890.0,286.0,10.0,154.0,402.0,682.0,312.0,778.0,306.0,778.0,82.0,22.0,10.0,346.0,346.0,58.0,301,210,301,210
935,4,SOUTH,132,1286.0,1316.0,1689.0,1136.0,1358.0,1164.0,1154.0,1070.0,1562.0,1250.0,888.0,1443.0,1445.0,1286.0,1664.0,1437.0,1286.0,1640.0,980.0,1514.0,1730.0,1244.0,1479.0,1117.0,14.0,806.0,1850.0,1412.0,1622.0,1358.0,1586.0,1784.0,1506.0,1859.333333333333,1724.0,1700.0,590.0,206.0,925,283,925,283
936,4,SOUTH,133,3524.0,2928.0,2856.0,2088.0,3548.0,2012.0,3576.0,2160.0,2756.0,3064.0,1460.0,2588.0,3284.0,2744.0,4104.0,2940.0,2788.0,2756.0,3020.0,3044.0,4552.0,3908.0,2712.0,2084.0,20.0,1580.0,3260.0,3076.0,4160.0,3776.0,2996.0,4924.0,4744.0,3556.0,3428.0,2612.0,1220.0,452.0,1637,655,1637,655
937,4,SOUTH,134,338.0,134.0,362.0,206.0,306.0,134.0,496.0,170.0,338.0,190.0,122.0,206.0,218.0,254.0,488.0,292.0,298.0,242.0,218.0,298.0,274.0,170.0,212.0,398.0,2.0,146.0,250.0,244.0,386.0,338.0,410.0,434.0,302.0,326.0,427.3333333333333,390.0,314.0,34.0,362,204,362,204
938,4,SOUTH,136,920.0,857.0,560.0,758.0,1091.0,1103.0,1169.0,1319.0,1316.0,941.0,938.0,1178.0,1106.0,842.0,1010.0,938.0,770.0,770.0,650.0,1106.0,962.0,557.0,554.0,533.0,2.0,434.0,818.0,314.0,458.0,482.0,434.0,2.0,2.0,2.0,506.0,826.0,242.0,50.0,198,383,198,383
939,4,SOUTH,137,16.0,16.0,16.0,16.0,16.0,16.0,16.0,16.0,16.0,16.0,16.0,16.0,16.0,16.0,16.0,16.0,16.0,816.0,736.0,16.0,2656.0,1380.0,416.0,740.0,16.0,416.0,1848.0,896.0,1096.0,1216.0,1612.0,2176.0,1616.0,216.0,16.0,1322.666666666667,96.0,736.0,519,506,92,920
940,4,SOUTH,344,4.0,4.0,4.0,4.0,4.0,4.0,4.0,4.0,4.0,4.0,4.0,4.0,4.0,4.0,4.0,4.0,4.0,4.0,4.0,4.0,4.0,4.0,4.0,4.0,4.0,4.0,4.0,4.0,4.0,4.0,4.0,4.0,308.0,308.0,390.6666666666667,316.0,100.0,36.0,74,6,80,26
941,4,SOUTH,140,1489.0,1273.0,1261.0,1156.0,1513.0,967.0,1333.0,1261.0,1453.0,1108.0,1081.0,1996.0,1621.0,1357.0,1429.0,877.0,1153.0,1357.0,937.0,1168.0,1543.0,1168.0,889.0,940.0,946.0,1897.0,925.0,1189.0,1963.0,1753.0,1273.0,1393.0,1405.0,1549.0,781.0,1129.0,421.0,253.0,708,616,728,318
942,4,SOUTH,141,344.0,398.0,448.0,352.0,240.0,608.0,306.0,308.0,296.0,342.0,224.0,590.0,544.0,643.3333333333334,384.0,184.0,248.0,280.0,272.0,384.0,312.0,208.0,440.0,200.0,8.0,338.0,278.0,192.0,328.0,304.0,376.0,304.0,248.0,216.0,240.0,208.0,144.0,16.0,167,62,167,62
943,4,SOUTH,429,35.0,29.0,11.0,35.0,53.0,9.0,10.0,5.0,5.0,5.0,5.0,17.0,41.0,11.0,5.0,5.0,59.0,71.0,41.0,65.0,41.0,41.0,5.0,5.0,5.0,17.0,11.0,54.0,11.0,17.0,51.0,41.0,47.0,5.0,5.0,5.0,5.0,5.0,5,5,5,5
944,4,SOUTH,144,160.6666666666667,146.0,110.0,48.0,110.0,116.0,88.0,50.0,38.0,63.0,68.0,150.0,134.0,168.0,104.0,62.0,54.0,34.0,54.0,80.0,110.0,50.0,98.0,84.0,10.0,127.0,18.0,10.0,10.0,74.0,88.0,108.0,106.0,58.0,102.0,70.0,124.0,20.0,104,63,104,63
945,4,SOUTH,384,16.0,16.0,16.0,16.0,16.0,16.0,16.0,16.0,16.0,16.0,16.0,16.0,16.0,16.0,16.0,16.0,16.0,16.0,16.0,141.0,124.3333333333333,16.0,108.0,144.0,16.0,138.0,16.0,48.0,76.0,54.0,64.0,58.0,106.0,95.0,134.0,28.0,83.0,16.0,52,54,52,54
946,4,SOUTH,430,11.0,11.0,11.0,11.0,11.0,11.0,11.0,11.0,11.0,11.0,11.0,11.0,11.0,11.0,11.0,11.0,11.0,11.0,11.0,11.0,89.0,155.0,116.0,149.0,11.0,167.0,155.0,119.0,83.0,29.0,110.0,95.0,11.0,59.0,149.0,89.0,11.0,11.0,34,11,34,11
947,4,SOUTH,431,18.0,18.0,18.0,18.0,18.0,18.0,18.0,18.0,18.0,18.0,18.0,18.0,18.0,18.0,18.0,18.0,18.0,18.0,18.0,18.0,18.0,134.0,330.0,102.0,18.0,374.0,366.0,242.0,242.0,50.0,130.0,194.0,130.0,58.0,234.0,254.0,98.0,18.0,123,27,126,130
948,4,SOUTH,432,7.0,7.0,7.0,7.0,7.0,7.0,7.0,7.0,7.0,7.0,7.0,7.0,7.0,7.0,7.0,7.0,7.0,7.0,7.0,7.0,7.0,7.0,7.0,7.0,7.0,7.0,33.0,27.0,27.0,35.0,49.66666666666666,45.0,45.0,37.0,43.0,9.0,37.0,7.0,17,30,17,30
949,4,SOUTH,385,564.0,103.0,109.0,41.0,11.0,11.0,11.0,137.0,433.0,11.0,391.0,431.0,463.0,285.0,249.0,225.0,129.0,25.0,11.0,33.0,165.0,256.0,297.0,75.0,11.0,55.0,11.0,44.0,231.0,133.0,139.0,263.0,159.0,95.0,283.0,685.0,323.0,61.0,385,250,385,250
950,4,SOUTH,386,934.0,394.0,16.0,298.0,286.0,286.0,694.0,454.0,772.0,292.0,466.0,644.0,16.0,430.0,148.0,82.0,70.0,16.0,28.0,64.0,16.0,58.0,28.0,199.0,16.0,16.0,22.0,70.0,118.0,232.0,208.0,202.0,190.0,538.0,370.0,598.0,304.0,16.0,446,284,446,284
951,4,SOUTH,147,1016.0,928.0,907.0,992.0,618.0,761.0,578.0,753.0,1100.0,696.0,1281.0,1613.666666666667,1771.0,1165.0,547.0,160.0,191.0,128.0,218.0,142.0,204.0,99.0,686.0,559.0,20.0,225.0,205.0,116.0,186.0,166.0,150.0,162.0,270.0,174.0,322.0,614.0,158.0,50.0,132,100,132,100
952,4,SOUTH,148,131.0,211.0,279.0,87.0,87.0,93.0,103.0,203.0,195.0,55.0,107.0,183.0,115.0,215.0,123.0,111.0,107.0,79.0,99.0,19.0,55.0,99.0,183.0,91.0,19.0,25.0,59.0,39.0,71.0,23.0,167.0,159.0,123.0,115.0,95.0,91.0,175.0,19.0,147,53,147,53
953,4,SOUTH,149,340.6666666666667,393.0,234.0,69.0,146.0,142.0,258.0,177.0,201.0,75.0,77.0,228.0,314.0,247.0,111.0,128.0,75.0,90.0,159.0,187.0,111.0,99.0,135.0,119.0,1.0,164.0,69.0,57.0,103.0,159.0,137.0,207.0,107.0,127.0,111.0,311.0,269.0,15.0,241,78,241,78
954,4,SOUTH,387,1051.0,987.0,679.0,123.0,511.0,107.0,499.0,507.0,531.0,423.0,323.0,599.0,751.0,403.0,299.0,891.0,123.0,99.0,163.0,411.0,331.0,147.0,115.0,59.0,3.0,371.0,83.0,219.0,83.0,147.0,427.0,123.0,83.0,131.0,163.0,187.0,11.0,3.0,80,6,80,6
955,4,SOUTH,150,605.0,399.0,303.0,219.0,163.0,263.0,267.0,247.0,263.0,239.0,323.0,667.0,503.0,391.0,475.0,151.0,139.0,283.0,365.0,291.0,307.0,239.0,275.0,303.0,3.0,629.0,263.0,155.0,279.0,477.0,435.0,487.0,331.0,483.0,577.0,537.0,243.0,59.0,351,113,351,113
956,4,SOUTH,151,2208.0,1422.0,724.0,520.0,442.0,616.0,920.0,668.0,708.0,358.0,660.0,1236.0,1328.0,746.0,2258.0,1472.0,804.0,1810.0,1886.0,2064.0,1588.0,1952.0,4252.0,1852.0,12.0,2484.0,1934.0,854.0,1080.0,1610.0,1560.0,2004.0,2244.0,4236.0,4006.0,3780.666666666667,2508.0,624.0,2791,902,2791,902
957,4,SOUTH,152,1881.0,1381.0,1181.0,693.0,725.0,721.0,1037.0,905.0,1013.0,353.0,881.0,1725.0,1869.0,1689.0,1097.0,789.0,373.0,797.0,909.0,589.0,997.0,101.0,645.0,253.0,13.0,13.0,2061.0,269.0,661.0,853.0,661.0,781.0,765.0,725.0,957.0,1397.0,1381.0,85.0,1315,720,1315,720
958,4,SOUTH,154,1.0,1.0,1.0,1.0,1.0,12.33333333333333,17.0,8.0,11.0,5.0,8.0,1.0,9.0,7.0,3.0,7.0,3.0,8.0,1.0,2.0,13.0,3.0,9.0,1.0,1.0,1.0,1.0,3.0,9.0,9.0,9.0,1.0,1.0,5.0,5.0,9.0,17.0,1.0,13,8,13,8
959,4,SOUTH,155,19.0,19.0,19.0,19.0,19.0,61.0,55.0,22.0,31.0,22.0,25.0,19.0,49.0,25.0,37.0,19.0,25.0,25.0,31.0,19.0,31.0,49.0,31.0,19.0,19.0,43.0,25.0,43.0,61.0,43.0,43.0,37.0,19.0,25.0,52.0,49.0,79.0,19.0,68,43,69,45
960,4,SOUTH,156,16.0,16.0,16.0,16.0,16.0,16.0,16.0,16.0,16.0,16.0,16.0,16.0,16.0,16.0,16.0,16.0,16.0,16.0,16.0,16.0,16.0,16.0,16.0,16.0,16.0,16.0,16.0,16.0,16.0,16.0,16.0,16.0,16.0,16.0,20.0,28.0,28.0,16.0,20,6,20,6
961,4,SOUTH,157,19.0,19.0,19.0,39.0,139.0,243.0,189.0,151.0,295.0,199.0,301.0,251.0,257.0,302.3333333333333,251.0,155.0,187.0,191.0,139.0,127.0,167.0,147.0,203.0,51.0,19.0,111.0,143.0,111.0,211.0,115.0,155.0,131.0,209.0,151.0,149.0,149.0,99.0,31.0,116,52,116,52
962,4,SOUTH,158,9.0,9.0,9.0,49.0,111.0,111.0,61.0,71.0,121.0,59.0,63.0,99.0,93.0,69.0,83.0,61.0,45.0,75.0,53.0,95.0,87.0,57.0,49.0,29.0,9.0,25.0,33.0,29.0,53.0,53.0,63.0,41.0,63.0,13.0,45.0,81.0,65.0,9.0,56,28,56,28
963,4,SOUTH,159,54.33333333333334,13.0,61.0,13.0,25.0,43.0,27.0,37.0,20.0,28.0,27.0,24.0,17.0,32.0,40.0,27.0,38.0,18.0,17.0,18.0,14.0,19.0,21.0,14.0,13.0,23.0,19.0,17.0,17.0,14.0,13.0,31.0,25.0,13.0,37.0,17.0,21.0,13.0,17,19,17,19
964,4,SOUTH,160,17.0,17.0,17.0,17.0,17.0,50.0,98.0,53.0,68.0,68.0,104.0,152.0,149.0,122.0,203.0,172.0,44.0,137.0,77.0,89.0,41.0,83.0,77.0,56.0,17.0,122.0,29.0,59.0,113.0,71.0,179.0,155.0,227.0,53.0,203.0,80.0,53.0,29.0,69,43,69,43
965,4,SOUTH,161,190.0,94.0,138.0,42.0,110.0,58.0,82.0,50.0,62.0,66.0,62.0,74.0,162.0,22.0,38.0,90.0,98.0,146.0,58.0,74.0,42.0,98.0,66.0,14.0,2.0,34.0,18.0,74.0,34.0,26.0,98.0,98.0,94.0,10.0,118.0,66.0,26.0,2.0,47,14,47,14
966,4,SOUTH,162,2.0,2.0,2.0,2.0,2.0,2.0,2.0,2.0,2.0,2.0,2.0,2.0,2.0,2.0,2.0,2.0,2.0,2.0,2.0,2.0,2.0,2.0,2.0,2.0,2.0,2.0,2.0,2.0,2.0,2.0,2.0,2.0,2.0,2.0,2.0,62.0,59.0,55.0,59,55,59,55
967,4,SOUTH,163,17.0,17.0,17.0,17.0,17.0,17.0,17.0,17.0,17.0,17.0,17.0,17.0,17.0,17.0,17.0,17.0,17.0,17.0,17.0,17.0,17.0,17.0,17.0,17.0,17.0,17.0,17.0,17.0,17.0,17.0,17.0,17.0,17.0,17.0,17.0,17.0,37.0,29.0,37,32,37,32
968,4,SOUTH,164,11.0,11.0,11.0,11.0,11.0,11.0,11.0,11.0,11.0,11.0,11.0,11.0,11.0,11.0,11.0,11.0,11.0,11.0,11.0,11.0,11.0,11.0,11.0,11.0,11.0,11.0,11.0,11.0,11.0,11.0,11.0,11.0,11.0,11.0,11.0,11.0,20.33333333333333,19.0,20,19,20,19
969,4,SOUTH,165,20.0,20.0,20.0,20.0,124.0,162.0,160.0,126.0,186.0,104.0,150.0,180.0,26.0,148.6666666666667,154.0,78.0,156.0,128.0,132.0,142.0,134.0,116.0,104.0,72.0,20.0,84.0,104.0,92.0,132.0,94.0,142.0,92.0,196.0,54.0,134.0,112.0,70.0,20.0,93,46,93,46
970,4,SOUTH,166,3.0,3.0,3.0,69.0,85.0,101.0,91.0,89.0,97.0,97.0,105.0,97.0,99.0,111.0,93.0,81.0,103.0,87.0,107.0,101.0,41.0,59.0,83.0,37.0,3.0,63.0,55.0,27.0,71.0,41.0,97.0,51.0,107.0,45.0,81.0,31.0,41.0,15.0,36,28,36,28
971,4,SOUTH,167,195.0,159.0,188.3333333333333,179.0,119.0,159.0,75.0,175.0,115.0,107.0,99.0,151.0,163.0,55.0,107.0,99.0,107.0,123.0,91.0,103.0,87.0,75.0,35.0,51.0,19.0,75.0,103.0,51.0,19.0,83.0,79.0,19.0,59.0,19.0,83.0,55.0,27.0,35.0,41,30,55,38
972,4,SOUTH,297,64.0,102.0,94.0,82.0,58.0,64.0,82.0,55.0,82.0,16.0,25.0,43.0,40.0,46.0,52.0,22.0,10.0,52.0,22.0,28.0,49.0,16.0,10.0,22.0,10.0,34.0,16.0,10.0,10.0,37.0,22.0,22.0,13.0,16.0,10.0,19.0,28.0,10.0,19,17,19,17
973,4,SOUTH,169,8.0,8.0,8.0,8.0,8.0,8.0,8.0,8.0,8.0,8.0,8.0,8.0,8.0,8.0,8.0,8.0,8.0,8.0,8.0,8.0,8.0,8.0,8.0,8.0,8.0,8.0,8.0,8.0,8.0,8.0,8.0,37.33333333333334,44.0,16.0,19.0,27.0,15.0,12.0,11,19,11,19
974,4,SOUTH,170,19.0,19.0,19.0,19.0,19.0,19.0,19.0,19.0,19.0,19.0,19.0,19.0,19.0,19.0,19.0,19.0,19.0,19.0,19.0,19.0,19.0,19.0,19.0,19.0,19.0,19.0,19.0,19.0,19.0,19.0,19.0,29.0,31.0,95.0,39.0,93.0,62.0,19.0,85,44,85,44
975,4,SOUTH,171,8.0,8.0,8.0,8.0,8.0,8.0,8.0,8.0,8.0,8.0,8.0,8.0,8.0,8.0,8.0,8.0,8.0,8.0,8.0,8.0,8.0,8.0,8.0,8.0,8.0,8.0,8.0,8.0,8.0,8.0,8.0,8.0,8.0,24.0,23.0,17.0,19.0,8.0,18,9,18,9
976,4,SOUTH,172,11.0,11.0,11.0,11.0,11.0,11.0,11.0,11.0,11.0,11.0,11.0,11.0,11.0,11.0,11.0,11.0,11.0,11.0,11.0,11.0,11.0,11.0,11.0,11.0,11.0,11.0,11.0,11.0,11.0,11.0,11.0,11.0,11.0,11.0,11.0,11.0,11.0,11.0,11,11,11,11
977,4,SOUTH,173,400.0,338.0,326.0,302.0,330.0,300.0,264.0,198.0,276.0,204.0,264.0,222.0,308.6666666666667,264.0,286.0,206.0,302.0,218.0,188.0,306.0,210.0,332.0,168.0,102.0,12.0,92.0,120.0,172.0,140.0,194.0,174.0,280.0,170.0,210.0,158.0,188.0,164.0,12.0,176,90,176,90
978,4,SOUTH,174,17.0,17.0,17.0,17.0,17.0,17.0,17.0,17.0,17.0,17.0,17.0,17.0,17.0,17.0,17.0,17.0,17.0,17.0,17.0,17.0,17.0,17.0,17.0,17.0,17.0,17.0,17.0,17.0,17.0,17.0,17.0,17.0,17.0,17.0,23.66666666666667,17.0,17.0,17.0,17,17,17,17
979,4,SOUTH,175,2.0,2.0,2.0,2.0,2.0,2.0,2.0,2.0,2.0,2.0,2.0,2.0,2.0,2.0,2.0,2.0,2.0,2.0,2.0,2.0,2.0,2.0,2.0,2.0,2.0,2.0,2.0,2.0,2.0,2.0,2.0,26.0,28.66666666666667,2.0,10.0,18.0,26.0,2.0,20,2,20,2
980,4,SOUTH,176,6.0,6.0,6.0,6.0,6.0,6.0,6.0,6.0,6.0,6.0,6.0,6.0,6.0,6.0,6.0,6.0,6.0,6.0,6.0,6.0,6.0,6.0,6.0,6.0,6.0,6.0,6.0,6.0,6.0,6.0,6.0,6.0,6.0,6.0,6.0,18.0,18.0,6.0,18,5,18,5
981,4,SOUTH,177,7.0,7.0,7.0,7.0,7.0,7.0,7.0,7.0,7.0,7.0,7.0,7.0,7.0,7.0,7.0,7.0,7.0,7.0,7.0,7.0,7.0,7.0,7.0,7.0,7.0,7.0,7.0,7.0,7.0,7.0,10.33333333333333,7.0,7.0,7.0,7.0,14.0,13.0,7.0,12,9,12,9
982,4,SOUTH,178,8.0,8.0,8.0,8.0,8.0,8.0,8.0,8.0,8.0,8.0,8.0,8.0,8.0,8.0,8.0,8.0,8.0,8.0,8.0,8.0,8.0,8.0,8.0,8.0,8.0,8.0,8.0,8.0,8.0,8.0,8.0,8.0,8.0,8.0,232.0,213.3333333333333,124.0,8.0,128,-7,128,-7
983,4,SOUTH,179,17.0,17.0,17.0,17.0,17.0,17.0,17.0,17.0,17.0,17.0,17.0,17.0,17.0,17.0,17.0,17.0,17.0,17.0,17.0,17.0,17.0,17.0,17.0,17.0,17.0,17.0,17.0,17.0,17.0,17.0,17.0,17.0,17.0,17.0,93.0,85.0,101.0,49.0,97,63,97,63
984,4,SOUTH,180,2.0,2.0,2.0,2.0,2.0,2.0,2.0,2.0,2.0,2.0,2.0,2.0,2.0,2.0,2.0,2.0,2.0,2.0,2.0,2.0,2.0,2.0,2.0,2.0,2.0,2.0,10.0,2.0,2.0,2.0,10.0,2.0,2.0,2.0,2.0,10.0,2.0,2.0,5,5,5,5
985,4,SOUTH,182,10.0,10.0,30.0,10.0,14.0,42.0,18.0,22.0,14.0,20.0,16.0,54.0,34.0,46.0,38.0,14.0,30.0,10.0,18.0,36.0,16.0,10.0,10.0,10.0,10.0,26.0,22.0,22.0,26.0,24.0,62.0,26.0,28.0,26.0,60.0,36.0,26.0,10.0,30,17,30,17
986,4,SOUTH,183,11.0,11.0,11.0,11.0,11.0,11.0,11.0,11.0,11.0,11.0,11.0,11.0,11.0,11.0,11.0,11.0,11.0,11.0,11.0,11.0,11.0,11.0,11.0,11.0,11.0,11.0,23.0,11.0,11.0,11.0,23.0,11.0,11.0,11.0,11.0,23.0,11.0,11.0,15,15,15,15
987,4,SOUTH,184,8.0,8.0,8.0,8.0,8.0,8.0,8.0,8.0,8.0,8.0,8.0,8.0,8.0,8.0,8.0,8.0,8.0,12.66666666666667,14.0,10.0,8.0,10.0,8.0,8.0,8.0,10.0,10.0,8.0,8.0,8.0,8.0,8.0,8.0,8.0,8.0,8.0,8.0,8.0,8,8,8,8
988,4,SOUTH,185,14.0,53.0,46.0,21.0,28.0,35.0,34.0,44.0,69.0,37.0,49.0,56.66666666666666,42.0,51.0,70.0,37.0,40.0,38.0,30.0,53.0,27.0,28.0,26.0,37.0,14.0,34.0,38.0,22.0,34.0,33.0,30.0,36.0,54.0,15.0,37.0,53.0,24.0,18.0,37,41,37,41
989,4,SOUTH,186,102.0,47.0,92.0,35.0,17.0,101.0,47.0,29.0,53.0,26.0,71.0,74.0,23.0,74.0,41.0,59.0,35.0,23.0,29.0,23.0,38.0,29.0,41.0,50.0,17.0,77.0,47.0,17.0,89.0,77.0,77.0,65.0,83.0,20.0,74.0,68.0,77.0,17.0,71,52,71,52
990,4,SOUTH,187,15.0,15.0,15.0,15.0,15.0,15.0,15.0,15.0,15.0,15.0,15.0,15.0,15.0,15.0,15.0,15.0,15.0,27.0,26.0,18.0,15.0,15.0,15.0,15.0,15.0,15.0,15.0,15.0,15.0,15.0,15.0,15.0,15.0,21.0,15.0,15.0,15.0,15.0,15,15,15,15
991,4,SOUTH,190,15.0,15.0,15.0,15.0,15.0,15.0,15.0,15.0,15.0,167.0,271.0,289.6666666666667,271.0,159.0,135.0,47.0,63.0,159.0,63.0,79.0,35.0,71.0,79.0,39.0,15.0,15.0,39.0,55.0,87.0,55.0,71.0,87.0,95.0,95.0,67.0,151.0,31.0,15.0,31,14,31,14
992,4,SOUTH,193,19.0,19.0,19.0,19.0,19.0,19.0,19.0,19.0,19.0,19.0,19.0,19.0,19.0,19.0,19.0,19.0,19.0,19.0,19.0,19.0,19.0,31.0,19.0,19.0,19.0,31.0,49.0,67.0,43.0,19.0,19.0,31.0,31.0,31.0,25.0,50.0,55.0,19.0,45,8,45,8
993,4,SOUTH,194,7.0,7.0,7.0,7.0,7.0,7.0,7.0,7.0,7.0,7.0,7.0,64.0,145.6666666666667,178.0,155.0,104.0,108.0,126.0,97.0,138.0,66.0,137.0,109.0,58.0,7.0,103.0,109.0,93.0,169.0,90.0,156.0,127.0,136.0,50.0,173.0,132.0,52.0,53.0,81,52,81,52
994,4,SOUTH,196,17.0,17.0,17.0,17.0,17.0,17.0,17.0,17.0,17.0,17.0,17.0,101.0,145.0,159.0,152.3333333333333,95.0,115.0,95.0,77.0,131.0,67.0,85.0,113.0,103.0,17.0,129.0,89.0,77.0,121.0,149.0,111.0,129.0,145.0,49.0,161.0,81.0,65.0,33.0,72,47,72,47
995,4,SOUTH,199,6.0,6.0,6.0,6.0,6.0,6.0,6.0,6.0,6.0,6.0,64.0,238.0,282.6666666666667,258.0,226.0,119.0,173.0,139.0,130.0,117.0,81.0,178.0,138.0,99.0,6.0,126.0,140.0,110.0,144.0,125.0,158.0,212.0,201.0,127.0,175.0,184.0,66.0,50.0,67,69,67,69
996,4,SOUTH,200,8.0,8.0,8.0,8.0,8.0,8.0,8.0,8.0,8.0,8.0,8.0,8.0,8.0,8.0,8.0,8.0,8.0,8.0,8.0,8.0,8.0,8.0,8.0,8.0,8.0,8.0,8.0,8.0,8.0,8.0,8.0,48.0,55.0,37.0,44.33333333333334,33.0,42.0,14.0,41,19,41,19
997,4,SOUTH,201,7.0,7.0,7.0,7.0,7.0,7.0,7.0,7.0,7.0,7.0,7.0,7.0,7.0,7.0,7.0,7.0,7.0,7.0,7.0,7.0,7.0,7.0,7.0,7.0,7.0,7.0,7.0,7.0,7.0,7.0,7.0,115.0,25.0,97.0,118.0,22.0,36.0,25.0,28,30,28,30
998,4,SOUTH,202,8.0,8.0,8.0,8.0,8.0,8.0,8.0,8.0,8.0,8.0,8.0,8.0,8.0,8.0,8.0,8.0,8.0,8.0,8.0,8.0,8.0,8.0,8.0,8.0,8.0,8.0,8.0,8.0,8.0,8.0,8.0,30.0,42.66666666666666,39.0,17.0,13.0,29.0,14.0,33,13,40,2
999,4,SOUTH,203,118.0,118.0,86.0,138.0,130.0,198.0,62.0,42.0,110.0,82.0,22.0,46.0,30.0,94.0,22.0,38.0,14.0,94.0,198.0,138.0,134.0,70.0,54.0,30.0,6.0,62.0,254.0,134.0,86.0,26.0,124.6666666666667,86.0,62.0,74.0,78.0,74.0,46.0,6.0,51,13,51,13
1000,4,SOUTH,204,20.0,20.0,20.0,20.0,20.0,20.0,20.0,20.0,20.0,20.0,20.0,20.0,20.0,20.0,20.0,20.0,20.0,20.0,20.0,20.0,20.0,20.0,20.0,20.0,20.0,20.0,20.0,20.0,20.0,20.0,20.0,62.0,62.0,77.0,83.0,56.0,86.0,20.0,72,65,72,65
1001,4,SOUTH,314,11.0,11.0,11.0,11.0,11.0,11.0,11.0,11.0,11.0,11.0,11.0,11.0,11.0,11.0,11.0,11.0,11.0,11.0,11.0,11.0,11.0,11.0,11.0,11.0,11.0,11.0,11.0,11.0,11.0,11.0,11.0,101.0,97.0,41.0,116.0,101.0,53.0,29.0,65,33,84,60
1002,4,SOUTH,315,7.0,7.0,7.0,7.0,7.0,7.0,7.0,7.0,7.0,7.0,7.0,7.0,7.0,7.0,7.0,7.0,7.0,7.0,7.0,7.0,7.0,7.0,7.0,7.0,7.0,7.0,7.0,7.0,7.0,7.0,7.0,51.0,49.66666666666666,25.0,38.0,39.0,23.0,7.0,24,7,25,16
1003,4,SOUTH,316,17.0,17.0,17.0,17.0,17.0,17.0,17.0,17.0,17.0,17.0,17.0,17.0,17.0,17.0,17.0,17.0,17.0,17.0,17.0,17.0,17.0,17.0,17.0,17.0,17.0,17.0,17.0,17.0,17.0,17.0,17.0,17.0,17.0,17.0,17.0,17.0,38.33333333333334,17.0,38,35,38,35
1004,4,SOUTH,317,278.0,198.0,231.3333333333333,194.0,52.0,82.0,130.0,182.0,114.0,88.0,102.0,76.0,114.0,142.0,188.0,50.0,82.0,60.0,2.0,64.0,30.0,54.0,70.0,30.0,2.0,78.0,90.0,58.0,78.0,46.0,74.0,18.0,6.0,2.0,2.0,2.0,2.0,2.0,2,2,2,2
1005,4,SOUTH,318,8.0,8.0,8.0,8.0,8.0,8.0,8.0,8.0,8.0,8.0,8.0,8.0,8.0,8.0,8.0,8.0,8.0,8.0,8.0,8.0,8.0,8.0,8.0,8.0,8.0,8.0,8.0,8.0,8.0,8.0,8.0,57.33333333333334,76.0,50.0,22.0,26.0,26.0,8.0,23,1,26,3
1006,4,SOUTH,319,9.0,9.0,9.0,9.0,9.0,9.0,9.0,9.0,9.0,9.0,9.0,9.0,9.0,9.0,9.0,9.0,9.0,9.0,9.0,9.0,9.0,113.0,117.0,33.0,9.0,33.0,99.0,93.0,105.0,126.0,138.0,117.0,183.0,63.0,156.0,81.0,72.0,21.0,75,41,75,41
1007,4,SOUTH,320,6.0,6.0,6.0,6.0,6.0,6.0,6.0,6.0,6.0,6.0,6.0,6.0,6.0,6.0,6.0,6.0,6.0,6.0,6.0,16.0,28.66666666666667,24.0,14.0,10.0,6.0,8.0,12.0,10.0,16.0,17.0,6.0,6.0,16.0,6.0,13.0,8.0,8.0,6.0,8,6,8,6
1008,4,SOUTH,321,6.0,6.0,6.0,6.0,6.0,6.0,6.0,6.0,6.0,6.0,6.0,6.0,6.0,6.0,6.0,6.0,6.0,6.0,6.0,102.0,116.6666666666667,30.0,78.0,6.0,6.0,14.0,38.0,30.0,38.0,22.0,54.0,30.0,70.0,26.0,42.0,54.0,6.0,22.0,25,15,26,22
1009,4,SOUTH,322,2.0,2.0,2.0,2.0,2.0,2.0,2.0,2.0,2.0,2.0,2.0,2.0,2.0,2.0,2.0,2.0,2.0,2.0,2.0,2.0,2.0,10.0,54.0,22.0,2.0,26.0,42.0,54.0,34.0,10.0,40.0,50.0,52.66666666666666,32.0,52.0,22.0,48.0,2.0,40,19,40,19
1010,4,SOUTH,324,388.0,364.0,361.0,94.0,78.0,222.0,96.0,137.0,256.0,322.0,275.0,69.0,128.0,40.0,26.0,56.0,48.0,28.0,220.0,62.0,166.0,20.0,10.0,8.0,8.0,8.0,8.0,8.0,8.0,8.0,38.0,82.0,44.0,20.0,54.0,136.0,56.0,8.0,72,32,72,32
1011,4,SOUTH,325,5.0,41.0,17.0,11.0,25.0,11.0,11.0,5.0,23.0,5.0,5.0,17.0,17.0,11.0,5.0,29.0,5.0,5.0,5.0,5.0,5.0,5.0,5.0,5.0,5.0,5.0,5.0,5.0,5.0,5.0,5.0,5.0,5.0,5.0,5.0,5.0,5.0,35.0,5,15,5,15
1012,4,SOUTH,326,1368.666666666667,1446.0,994.0,490.0,338.0,986.0,658.0,890.0,778.0,650.0,446.0,398.0,178.0,186.0,34.0,18.0,338.0,34.0,1330.0,194.0,18.0,18.0,2.0,2.0,2.0,2.0,2.0,2.0,2.0,2.0,2.0,2.0,130.0,42.0,74.0,314.0,42.0,42.0,142,68,142,68
1013,4,SOUTH,396,16.0,20.0,10.0,16.0,10.0,28.0,10.0,10.0,10.0,10.0,10.0,10.0,10.0,10.0,10.0,30.0,10.0,32.66666666666666,22.0,10.0,14.0,14.0,10.0,10.0,10.0,10.0,10.0,10.0,10.0,10.0,10.0,10.0,10.0,10.0,10.0,10.0,10.0,10.0,10,10,10,10
1014,4,SOUTH,397,464.0,360.0,128.0,160.0,152.0,224.0,168.0,112.0,112.0,292.0,224.0,40.0,16.0,16.0,16.0,64.0,16.0,24.0,216.0,256.0,152.0,48.0,16.0,16.0,16.0,16.0,16.0,16.0,16.0,16.0,56.0,40.0,72.0,332.0,48.0,216.0,40.0,64.0,79,71,88,57
1015,4,SOUTH,433,7.0,7.0,7.0,7.0,7.0,7.0,7.0,7.0,7.0,7.0,7.0,7.0,7.0,7.0,7.0,7.0,7.0,7.0,7.0,7.0,7.0,7.0,7.0,7.0,7.0,7.0,7.0,7.0,7.0,7.0,7.0,7.0,7.0,7.0,7.0,7.0,7.0,17.0,7,17,7,17
1016,4,SOUTH,399,8.0,8.0,8.0,8.0,8.0,8.0,8.0,8.0,8.0,8.0,8.0,8.0,8.0,8.0,8.0,8.0,8.0,8.0,8.0,8.0,8.0,8.0,8.0,8.0,8.0,8.0,8.0,8.0,8.0,564.0,1226.666666666667,1360.0,472.0,1016.0,1384.0,872.0,600.0,360.0,599,352,599,352
1017,4,SOUTH,205,11.0,11.0,11.0,11.0,11.0,11.0,11.0,11.0,11.0,11.0,11.0,11.0,11.0,11.0,11.0,11.0,11.0,11.0,15.0,31.0,27.0,11.0,11.0,11.0,11.0,11.0,35.0,19.0,19.0,63.0,39.0,47.0,31.0,23.0,23.0,47.0,31.0,11.0,32,25,32,25
1018,4,SOUTH,206,6.0,6.0,6.0,6.0,6.0,6.0,6.0,6.0,6.0,6.0,6.0,350.0,646.0,618.0,898.0,298.0,366.0,350.0,866.0,460.0,568.0,1042.0,906.0,670.0,6.0,584.0,578.0,494.0,546.0,442.0,370.0,566.0,486.0,568.0,486.0,498.0,656.0,202.0,602,335,602,335
1019,4,SOUTH,434,12.0,12.0,12.0,12.0,12.0,12.0,12.0,12.0,12.0,12.0,12.0,12.0,12.0,12.0,12.0,12.0,12.0,12.0,12.0,12.0,12.0,12.0,12.0,12.0,12.0,12.0,12.0,19.0,18.0,15.0,12.0,12.0,12.0,12.0,12.0,12.0,12.0,12.0,12,12,12,12
1020,4,SOUTH,208,18.0,18.0,18.0,18.0,18.0,18.0,18.0,18.0,18.0,18.0,18.0,18.0,18.0,18.0,18.0,18.0,18.0,18.0,18.0,18.0,18.0,18.0,18.0,18.0,18.0,18.0,18.0,18.0,18.0,18.0,66.0,36.0,66.0,18.0,30.0,48.0,36.0,18.0,42,31,43,28
1021,4,SOUTH,211,13.0,13.0,13.0,13.0,13.0,13.0,13.0,13.0,13.0,13.0,13.0,133.0,201.0,49.0,117.0,309.0,33.0,93.0,189.0,109.0,225.0,493.0,271.0,113.0,13.0,225.0,221.0,173.0,197.0,157.0,289.0,530.3333333333334,193.0,305.0,169.0,177.0,49.0,13.0,87,23,87,23
1022,4,SOUTH,212,8.0,8.0,8.0,8.0,8.0,8.0,8.0,8.0,8.0,8.0,8.0,8.0,8.0,8.0,8.0,8.0,8.0,8.0,8.0,8.0,8.0,8.0,8.0,8.0,8.0,8.0,8.0,14.0,20.0,20.0,14.0,32.0,14.0,8.0,32.0,8.0,8.0,8.0,8,8,8,8
1023,4,SOUTH,214,57.0,55.0,6.0,7.0,5.0,41.0,11.0,21.0,17.0,5.0,5.0,38.33333333333334,45.0,5.0,1.0,13.0,13.0,10.0,9.0,53.0,1.0,3.0,1.0,38.0,1.0,1.0,1.0,11.0,1.0,1.0,19.0,27.0,7.0,1.0,5.0,47.0,11.0,1.0,13,18,13,18
1024,4,SOUTH,215,117.0,84.0,45.0,24.0,30.0,78.0,54.0,42.0,12.0,57.0,360.0,93.0,165.0,108.0,54.0,30.0,18.0,12.0,48.0,18.0,12.0,12.0,466.0,612.0,12.0,168.0,60.0,54.0,24.0,135.0,48.0,96.0,63.0,204.0,144.0,360.0,147.0,30.0,180,131,180,131
1025,4,SOUTH,217,70.66666666666667,78.0,18.0,16.0,16.0,40.0,36.0,32.0,16.0,16.0,16.0,52.0,30.0,56.0,16.0,16.0,16.0,32.0,16.0,32.0,28.0,16.0,28.0,16.0,16.0,16.0,16.0,18.0,16.0,16.0,16.0,16.0,16.0,16.0,16.0,36.0,24.0,16.0,28,18,28,18
1026,4,SOUTH,218,101.0,17.0,8.0,5.0,5.0,47.0,26.0,35.0,17.0,5.0,5.0,167.0,179.0,11.0,5.0,5.0,5.0,5.0,5.0,5.0,5.0,5.0,8.0,17.0,5.0,5.0,5.0,5.0,5.0,5.0,5.0,5.0,5.0,5.0,167.0,101.0,77.0,5.0,79,10,79,10
1027,4,SOUTH,219,21.0,33.0,12.0,9.0,45.0,93.0,9.0,33.0,57.0,45.0,21.0,12.0,9.0,9.0,57.0,33.0,45.0,105.0,117.0,117.0,69.0,45.0,21.0,45.0,9.0,33.0,45.0,69.0,69.0,33.0,177.0,177.0,9.0,141.0,57.0,129.0,45.0,21.0,77,60,77,60
1028,4,SOUTH,220,120.0,198.0,72.0,96.0,210.0,318.0,108.0,222.0,222.0,264.0,177.0,162.0,108.0,66.0,84.0,96.0,126.0,147.0,126.0,189.0,78.0,138.0,150.0,90.0,18.0,156.0,198.0,358.0,390.0,198.0,291.0,198.0,330.0,246.0,222.0,150.0,150.0,126.0,150,134,150,134
1029,4,SOUTH,221,32.0,24.0,22.0,36.0,46.0,52.0,40.0,34.0,40.0,56.0,16.0,76.0,56.0,40.0,30.0,16.0,16.0,40.0,48.0,56.0,56.0,48.0,40.0,24.0,8.0,56.0,24.0,8.0,16.0,90.66666666666667,64.0,120.0,56.0,16.0,32.0,40.0,40.0,8.0,39,19,39,19
1030,4,SOUTH,224,118.0,139.0,56.0,61.0,131.0,211.0,37.0,115.0,331.0,218.0,49.0,277.0,55.0,103.0,163.0,163.0,103.0,100.0,229.0,91.0,164.0,229.0,252.0,79.0,7.0,73.0,295.0,263.0,79.0,211.0,163.0,181.0,223.0,235.0,205.0,7.0,103.0,117.0,161,61,161,61
1031,4,SOUTH,225,145.0,65.0,157.0,225.0,81.0,325.0,169.0,489.0,449.0,497.0,321.0,573.0,225.0,225.0,289.0,145.0,193.0,449.0,545.0,273.0,293.0,529.0,625.0,177.0,17.0,145.0,337.0,273.0,465.0,369.0,497.0,465.0,427.6666666666667,145.0,177.0,289.0,49.0,65.0,104,114,104,114
1032,4,SOUTH,226,4.0,36.0,40.0,20.0,4.0,84.0,36.0,148.0,84.0,4.0,4.0,100.0,20.0,52.0,4.0,20.0,4.0,52.0,52.0,52.0,20.0,20.0,20.0,52.0,4.0,20.0,148.0,100.0,68.0,20.0,100.0,36.0,36.0,20.0,20.0,4.0,4.0,4.0,3,3,3,3
1033,4,SOUTH,228,15.0,15.0,15.0,15.0,15.0,15.0,15.0,15.0,15.0,15.0,15.0,15.0,15.0,15.0,15.0,15.0,15.0,15.0,15.0,23.0,33.0,27.0,39.0,15.0,15.0,15.0,15.0,27.0,15.0,15.0,15.0,27.0,39.0,15.0,15.0,15.0,15.0,15.0,15,15,15,15
1034,4,SOUTH,229,7.0,7.0,7.0,7.0,7.0,7.0,7.0,7.0,7.0,7.0,7.0,7.0,7.0,7.0,7.0,7.0,7.0,7.0,7.0,7.0,107.0,103.0,71.0,35.0,7.0,7.0,7.0,103.0,287.0,167.0,455.0,215.0,135.0,239.0,295.0,7.0,7.0,135.0,74,80,7,93
1035,4,SOUTH,230,49.0,25.0,41.0,13.0,21.0,53.0,33.0,21.0,67.0,21.0,49.0,65.0,67.0,61.0,33.0,29.0,21.0,33.0,61.0,65.0,13.0,13.0,33.0,9.0,9.0,29.0,17.0,9.0,9.0,9.0,21.0,54.33333333333334,9.0,33.0,9.0,103.0,49.0,9.0,59,55,59,55
1036,4,SOUTH,231,21.0,13.0,13.0,21.0,29.0,21.0,21.0,29.0,13.0,13.0,21.0,41.0,45.0,29.0,45.0,13.0,13.0,21.0,13.0,21.0,13.0,13.0,13.0,13.0,13.0,13.0,37.0,13.0,13.0,13.0,13.0,13.0,13.0,21.0,13.0,13.0,13.0,13.0,13,13,13,13
1037,4,SOUTH,232,15.0,13.0,13.0,11.0,9.0,11.0,36.0,15.0,21.0,15.0,15.0,21.0,19.0,13.0,21.0,13.0,17.0,11.0,9.0,21.0,9.0,9.0,17.0,13.0,9.0,9.0,19.0,9.0,9.0,9.0,17.0,13.0,11.0,36.0,21.0,17.0,9.0,9.0,12,9,12,9
1038,4,SOUTH,233,252.0,105.0,33.0,39.0,15.0,33.0,93.0,69.0,57.0,213.0,90.0,84.0,57.0,51.0,15.0,15.0,15.0,27.0,15.0,15.0,15.0,15.0,15.0,69.0,15.0,117.0,15.0,15.0,15.0,15.0,15.0,15.0,225.0,423.0,327.0,495.0,375.0,33.0,400,36,400,36
