,Unnamed: 0,Warehouse id,Region,SKU id,2018-04-01 00:00:00,2018-05-01 00:00:00,2018-06-01 00:00:00,2018-07-01 00:00:00,2018-08-01 00:00:00,2018-09-01 00:00:00,2018-10-01 00:00:00,2018-11-01 00:00:00,2018-12-01 00:00:00,2019-01-01 00:00:00,2019-02-01 00:00:00,2019-03-01 00:00:00,2019-04-01 00:00:00,2019-05-01 00:00:00,2019-06-01 00:00:00,2019-07-01 00:00:00,2019-08-01 00:00:00,2019-09-01 00:00:00,2019-10-01 00:00:00,2019-11-01 00:00:00,2019-12-01 00:00:00,2020-01-01 00:00:00,2020-02-01 00:00:00,2020-03-01 00:00:00,2020-04-01 00:00:00,2020-05-01 00:00:00,2020-06-01 00:00:00,2020-07-01 00:00:00,2020-08-01 00:00:00,2020-09-01 00:00:00,2020-10-01 00:00:00,2020-11-01 00:00:00,2020-12-01 00:00:00,2021-01-01 00:00:00,2021-02-01 00:00:00,2021-03-01 00:00:00,2021-04-01 00:00:00,2021-05-01 00:00:00,params
0,10,1,NORTH,11,5,5,5,5,5,5,5,5,5,5,5,5,5,5,5,5,5,5,5,5,5,5,5,5,5,5,5,5,55,143,37,97,65,31,105,173,45,67,"[0, 0, 1]"
1,14,1,NORTH,15,16,16,16,16,16,16,16,16,16,16,16,16,16,16,16,16,16,16,16,16,16,16,16,16,16,16,16,16,16,216,180,64,288,135,51,100,19,172,"[2, 0, 1]"
2,18,1,NORTH,19,16,16,16,16,16,16,16,16,16,16,16,16,16,16,16,16,16,16,16,16,16,16,16,16,16,16,52,106,22,16,22,16,40,22,16,24,16,28,"[0, 1, 0]"
3,19,1,NORTH,20,4,4,4,4,4,4,4,4,4,4,4,4,4,4,4,4,4,4,4,4,4,4,4,4,4,4,4,46,46,52,70,49,70,163,22,24,10,4,"[1, 0, 0]"
4,20,1,NORTH,21,20,20,20,20,20,20,20,20,20,20,20,20,20,20,20,20,20,20,20,20,20,20,20,20,20,20,36,108,112,60,76,84,57,164,232,136,164,124,"[0, 0, 1]"
5,21,1,NORTH,22,2,2,2,2,2,2,2,2,2,2,2,2,2,2,2,2,2,2,2,2,2,2,2,2,2,2,2,40,10,54,2,54,11,22,38,14,38,2,"[2, 1, 1]"
6,22,1,NORTH,23,3,3,3,3,3,3,3,3,3,3,3,3,3,3,3,3,3,3,3,3,3,3,3,3,3,3,3,131,27,35,51,75,27,51,87,123,3,19,"[3, 0, 1]"
7,23,1,NORTH,24,8,8,8,8,8,8,8,8,8,8,8,8,8,8,8,8,8,8,8,8,8,8,8,8,8,8,64,124,36,56,112,144,31,64,32,136,24,24,"[3, 0, 1]"
8,25,1,NORTH,26,18,18,18,18,18,18,18,18,18,18,18,18,18,18,18,18,18,18,18,18,18,18,18,18,18,18,30,147,132,60,144,186,162,186,141,53,18,48,"[1, 1, 0]"
9,26,1,NORTH,27,13,13,13,13,13,13,13,13,13,13,13,13,13,13,13,13,13,13,13,13,13,13,13,13,13,13,25,115,49,25,64,103,244,205,232,52,139,43,"[1, 1, 1]"
10,27,1,NORTH,28,11,11,11,11,11,11,11,11,11,11,11,11,11,11,11,11,11,11,11,11,11,11,11,11,11,11,11,57,19,43,33,23,47,18,48,49,29,11,"[2, 0, 1]"
11,28,1,NORTH,29,16,16,16,16,16,16,16,16,16,16,16,16,16,16,16,16,16,16,16,16,16,16,16,16,16,16,56,96,50,36,60,36,35,64,78,112,72,36,"[0, 0, 1]"
12,32,1,NORTH,33,14,14,14,14,14,14,14,14,14,14,14,14,14,14,14,14,14,14,14,14,14,14,14,14,14,14,18,72,40,42,41,154,194,86,77,160,108,30,"[2, 0, 1]"
13,34,1,NORTH,35,4,4,4,4,4,4,4,4,4,4,4,4,4,4,4,4,4,4,4,4,4,4,4,4,4,4,4,4,4,4,4,4,4,4,14,52,28,4,"[0, 1, 0]"
14,35,1,NORTH,36,2,2,2,2,2,2,2,2,2,2,2,2,2,2,2,2,2,2,2,2,2,2,2,144,2,6,154,292,330,314,750,538,153,790,478,568,282,306,"[2, 0, 1]"
15,40,1,NORTH,41,8,8,8,8,8,8,8,8,8,8,8,8,8,8,8,8,8,8,8,8,8,8,8,191,8,8,152,11,89,92,32,110,140,110,39,98,38,20,"[2, 0, 1]"
16,41,1,NORTH,42,6,6,6,6,6,6,6,6,6,6,6,6,6,6,6,6,6,6,6,6,6,6,6,42,6,6,90,116,158,30,106,84,6,54,142,34,6,126,"[0, 0, 1]"
17,42,1,NORTH,43,4,4,4,4,4,4,4,4,4,4,4,4,4,4,4,4,4,4,4,4,4,4,28,408,4,12,164,32,184,156,132,324,65,52,112,84,52,28,"[0, 0, 0]"
18,43,1,NORTH,44,14,14,14,14,14,14,14,14,14,14,14,14,14,14,14,14,14,14,14,14,14,14,14,34,14,22,174,46,58,198,198,198,82,14,222,238,46,142,"[0, 0, 1]"
19,53,1,NORTH,54,18,18,18,18,18,18,18,18,18,18,18,18,18,18,18,18,18,18,18,18,18,18,18,62,18,26,210,70,54,58,82,90,52,178,138,202,58,18,"[0, 0, 1]"
20,54,1,NORTH,55,15,15,15,15,15,15,15,15,15,15,15,15,15,15,15,15,15,15,15,15,15,15,15,227,15,23,55,69,117,83,283,113,75,189,97,359,251,95,"[0, 1, 1]"
21,55,1,NORTH,56,11,11,11,11,11,11,11,11,11,11,11,11,11,11,11,11,11,11,11,11,11,11,11,11,11,139,115,175,463,259,627,635,178,475,989,763,531,139,"[0, 0, 1]"
22,56,1,NORTH,57,17,17,17,17,17,17,17,17,17,17,17,17,17,17,17,17,17,17,17,17,17,17,25,293,17,17,49,17,49,77,241,41,229,145,55,89,33,25,"[0, 0, 0]"
23,57,1,NORTH,58,17,17,17,17,17,17,17,17,17,17,17,17,17,17,17,17,17,17,17,17,17,17,17,200,17,41,95,164,161,29,455,194,308,155,83,413,17,47,"[2, 0, 1]"
24,58,1,NORTH,59,13,13,13,13,13,13,13,13,13,13,13,13,13,13,13,13,13,13,13,13,13,13,13,133,13,29,133,221,401,213,609,93,541,277,441,689,133,109,"[1, 0, 1]"
25,61,1,NORTH,62,14,14,14,14,14,14,14,14,14,14,14,14,14,14,14,14,14,14,14,14,14,14,46,124,14,94,294,258,258,166,318,562,622,62,250,458,114,62,"[2, 0, 1]"
26,62,1,NORTH,63,16,16,16,16,16,16,16,16,16,16,16,16,16,16,16,16,16,16,16,16,16,16,22,30,16,18,36,30,73,16,46,30,66,47,28,99,42,32,"[4, 0, 1]"
27,65,1,NORTH,66,7,7,7,7,7,7,7,7,7,7,7,7,7,7,7,7,7,7,7,7,7,7,7,259,7,55,87,29,149,115,227,299,395,429,283,86,155,47,"[0, 0, 1]"
28,66,1,NORTH,67,7,7,7,7,7,7,7,7,7,7,7,7,7,7,7,7,7,7,7,7,20,37,7,35,7,17,7,56,22,49,83,64,174,161,52,33,57,27,"[1, 0, 0]"
29,67,1,NORTH,68,6,6,6,6,6,6,6,6,6,6,6,6,6,6,6,6,6,6,6,6,54,200,86,116,6,6,6,44,20,66,140,58,67,312,378,310,162,82,"[1, 0, 0]"
30,72,1,NORTH,73,17,17,17,17,17,17,17,17,17,17,17,17,17,17,17,17,17,17,17,585,111,513,177,321,17,17,17,45,101,17,93,73,337,145,345,185,41,41,"[0, 0, 0]"
31,73,1,NORTH,74,2,2,2,2,2,2,2,2,2,2,2,2,2,2,2,2,2,2,2,2,2,2,2,2,2,2,2,162,2,2,122,210,210,210,34,2,2,2,"[1, 0, 0]"
32,74,1,NORTH,75,16,16,16,16,16,16,16,16,16,16,16,16,16,16,16,16,16,16,16,352,70,160,224,152,16,24,16,20,34,28,44,56,160,72,214,72,52,32,"[0, 0, 0]"
33,75,1,NORTH,76,20,20,20,20,20,20,20,20,20,20,20,20,20,20,20,20,20,20,20,20,20,20,20,20,20,20,20,20,20,20,20,20,20,20,20,58,20,22,"[0, 0, 0]"
34,82,1,NORTH,83,5,5,5,5,5,5,5,5,5,5,5,5,5,5,5,5,5,5,5,5,5,5,5,25,5,5,5,5,13,105,5,5,5,105,45,21,5,5,"[0, 0, 0]"
35,83,1,NORTH,84,16,16,16,16,16,16,16,16,16,16,16,16,16,16,16,16,16,16,60,16,40,16,56,24,16,16,32,896,4632,1068,76,136,6320,1072,5396,4956,280,32,"[2, 1, 1]"
36,84,1,NORTH,85,3,3,3,3,3,3,3,3,3,3,3,3,3,3,3,3,3,3,3,3,3,3,3,3,3,3,3,3,3,3,491,3,3,867,3831,298,3,3,"[0, 0, 0]"
37,86,1,NORTH,87,7,7,7,7,7,7,7,7,7,7,7,7,7,7,7,7,7,7,7,7,7,7,7,7,7,7,7,7,7,7,7,7,7,7,7,7,7,7,"[0, 0, 0]"
38,100,1,NORTH,101,14,14,14,14,14,14,14,14,14,14,14,14,14,14,14,14,14,14,14,14,14,14,14,14,14,14,14,16,14,14,130,76,152,58,14,34,120,14,"[1, 0, 0]"
39,101,1,NORTH,102,16,16,16,16,16,16,16,16,16,16,16,16,16,16,16,16,16,16,16,16,16,16,16,16,16,16,16,16,16,16,121,23,16,125,28,127,96,25,"[2, 1, 1]"
40,117,1,NORTH,118,2,2,2,2,2,2,2,2,2,2,2,2,2,2,2,2,2,2,2,2,2,2,2,2,2,2,2,10,2,2,2,2,2,2,2,2,2,2,"[0, 0, 0]"
41,155,1,NORTH,156,20,20,20,20,20,20,20,20,20,20,20,20,20,20,20,20,20,20,20,20,20,20,20,20,20,20,20,20,20,20,20,20,20,20,44,21,20,20,"[0, 0, 0]"
42,161,1,NORTH,162,4,4,4,4,4,4,4,4,4,4,4,4,4,4,4,4,4,4,4,4,4,4,4,4,4,4,4,4,4,4,4,4,4,4,4,9,85,40,"[0, 1, 0]"
43,162,1,NORTH,163,16,16,16,16,16,16,16,16,16,16,16,16,16,16,16,16,16,16,16,16,16,16,16,16,16,16,16,16,16,16,16,16,16,16,16,32,20,16,"[0, 0, 0]"
44,163,1,NORTH,164,5,5,5,5,5,5,5,5,5,5,5,5,5,5,5,5,5,5,5,5,5,5,5,5,5,5,5,5,5,5,5,5,5,5,5,9,68,41,"[0, 1, 0]"
45,168,1,NORTH,169,4,4,4,4,4,4,4,4,4,4,4,4,4,4,4,4,4,4,4,4,4,4,4,4,4,4,4,4,4,4,4,12,67,54,104,14,20,4,"[1, 0, 0]"
46,169,1,NORTH,170,7,7,7,7,7,7,7,7,7,7,7,7,7,7,7,7,7,7,7,7,7,7,7,7,7,7,7,7,7,7,7,23,63,99,263,26,27,15,"[1, 0, 0]"
47,170,1,NORTH,171,15,15,15,15,15,15,15,15,15,15,15,15,15,15,15,15,15,15,15,15,15,15,15,15,15,15,15,15,15,15,15,15,264,108,270,45,66,81,"[0, 2, 0]"
48,171,1,NORTH,172,16,16,16,16,16,16,16,16,16,16,16,16,16,16,16,16,16,16,16,16,16,16,16,16,16,16,16,16,16,16,16,16,16,16,16,16,16,16,"[0, 0, 0]"
49,173,1,NORTH,174,9,9,9,9,9,9,9,9,9,9,9,9,9,9,9,9,9,9,9,9,9,9,9,9,9,9,9,9,9,9,9,12,33,13,29,9,9,25,"[0, 1, 1]"
50,174,1,NORTH,175,1,1,1,1,1,1,1,1,1,1,1,1,1,1,1,1,1,1,1,1,1,1,1,1,1,1,1,1,1,1,1,1,3,9,33,1,1,1,"[0, 0, 0]"
51,175,1,NORTH,176,1,1,1,1,1,1,1,1,1,1,1,1,1,1,1,1,1,1,1,1,1,1,1,1,1,1,1,1,1,1,1,1,1,1,1,1,1,1,"[0, 0, 0]"
52,176,1,NORTH,177,12,12,12,12,12,12,12,12,12,12,12,12,12,12,12,12,12,12,12,12,12,12,12,12,12,12,12,12,12,60,12,12,56,92,20,92,12,12,"[0, 0, 0]"
53,177,1,NORTH,178,11,11,11,11,11,11,11,11,11,11,11,11,11,11,11,11,11,11,11,11,11,11,11,11,11,11,11,11,11,11,11,11,11,11,182,30,29,101,"[2, 0, 1]"
54,178,1,NORTH,179,15,15,15,15,15,15,15,15,15,15,15,15,15,15,15,15,15,15,15,15,15,15,15,15,15,15,15,15,15,15,15,15,25,15,23,151,31,19,"[0, 0, 0]"
55,179,1,NORTH,180,2,2,2,2,2,2,2,2,2,2,2,2,2,2,2,2,2,2,2,2,2,26,2,2,2,2,2,2,26,14,2,2,2,14,2,2,2,2,"[0, 0, 0]"
56,180,1,NORTH,181,8,8,8,8,8,8,8,8,8,8,8,8,8,8,8,8,8,8,8,8,8,8,8,8,8,8,8,8,24,8,8,8,8,8,8,9,8,8,"[0, 0, 0]"
57,182,1,NORTH,183,8,8,8,8,8,8,8,8,8,8,8,8,8,8,8,8,8,8,8,8,8,40,8,12,8,8,12,8,40,8,8,8,8,24,40,8,8,8,"[0, 0, 0]"
58,183,1,NORTH,184,17,17,17,17,17,17,17,17,17,17,17,17,17,17,17,17,17,17,17,17,17,17,17,17,17,17,21,17,31,17,17,17,17,17,17,17,17,17,"[0, 0, 0]"
59,186,1,NORTH,187,4,4,4,4,4,4,4,4,4,4,4,4,4,4,4,4,4,4,4,4,4,4,4,4,4,4,4,4,4,4,4,4,4,4,4,4,4,4,"[0, 0, 0]"
60,187,1,NORTH,188,5,5,5,5,5,5,5,5,5,5,5,5,5,5,5,5,5,5,5,21,47,16,5,5,5,5,45,5,5,31,53,37,33,29,37,58,37,9,"[0, 0, 1]"
61,188,1,NORTH,189,8,8,8,8,8,8,8,8,8,8,8,8,8,8,8,8,8,8,8,44,110,164,11,17,8,8,32,86,44,40,62,104,131,56,98,140,26,32,"[0, 1, 0]"
62,190,1,NORTH,191,12,12,12,12,12,12,12,12,12,12,12,12,12,12,12,12,12,12,12,48,12,30,12,48,12,12,12,21,21,21,30,30,30,12,30,57,12,19,"[0, 0, 0]"
63,191,1,NORTH,192,15,15,15,15,15,15,15,15,15,15,15,15,15,15,15,15,15,15,15,47,21,39,21,49,15,15,25,39,15,31,15,15,43,15,15,15,31,31,"[0, 0, 0]"
64,192,1,NORTH,193,3,3,3,3,3,3,3,3,3,3,3,3,3,3,3,3,3,3,3,15,17,31,3,13,3,3,7,3,5,27,3,23,31,15,9,9,17,19,"[0, 0, 0]"
65,194,1,NORTH,195,14,14,14,14,14,14,14,14,14,14,14,14,14,14,14,14,14,14,14,14,14,14,18,30,14,14,44,22,32,22,14,18,22,30,26,34,14,14,"[0, 0, 0]"
66,196,1,NORTH,197,18,18,18,18,18,18,18,18,18,18,18,18,18,18,18,18,18,18,18,18,154,138,50,42,18,42,114,70,18,74,146,18,130,170,66,51,66,82,"[0, 1, 0]"
67,197,1,NORTH,198,14,14,14,14,14,14,14,14,14,14,14,14,14,14,14,14,14,14,14,68,176,134,44,104,14,38,131,74,74,134,50,128,194,14,65,308,44,62,"[0, 0, 0]"
68,199,1,NORTH,200,18,18,18,18,18,18,18,18,18,18,18,18,18,18,18,18,18,18,18,18,18,18,18,18,18,18,18,18,18,18,18,18,126,54,200,35,92,18,"[0, 0, 0]"
69,200,1,NORTH,201,16,16,16,16,16,16,16,16,16,16,16,16,16,16,16,16,16,16,16,16,16,16,16,16,16,16,16,16,16,16,16,16,16,34,93,22,40,16,"[0, 0, 0]"
70,201,1,NORTH,202,15,15,15,15,15,15,15,15,15,15,15,15,15,15,15,15,15,15,15,15,15,15,15,15,15,15,15,15,15,15,15,15,105,30,216,36,90,45,"[1, 0, 1]"
71,203,1,NORTH,204,12,12,12,12,12,12,12,12,12,12,12,12,12,12,12,12,12,12,12,12,12,12,12,12,12,12,12,12,12,12,22,46,74,31,70,26,27,22,"[1, 0, 1]"
72,204,1,NORTH,205,6,6,6,6,6,6,6,6,6,6,6,6,6,6,6,6,6,6,6,234,438,90,81,228,6,105,174,330,150,168,126,114,98,102,282,228,60,234,"[0, 0, 0]"
73,206,1,NORTH,207,3,3,3,3,3,3,3,3,3,3,3,3,3,3,3,3,3,3,3,93,3,183,93,64,3,3,153,237,93,159,79,45,219,9,153,297,21,69,"[0, 0, 0]"
74,207,1,NORTH,208,12,12,12,12,12,12,12,12,12,12,12,12,12,12,12,12,12,12,12,12,12,12,12,12,12,12,12,12,12,12,12,12,12,12,12,17,36,12,"[0, 0, 0]"
75,208,1,NORTH,209,18,18,18,18,18,18,18,18,18,18,18,18,18,18,18,18,18,18,18,18,18,18,18,18,18,18,138,360,486,135,372,318,537,186,552,702,18,240,"[2, 0, 1]"
76,209,1,NORTH,210,17,17,17,17,17,17,17,17,17,17,17,17,17,17,17,17,17,17,17,293,347,113,17,167,17,95,167,143,221,341,251,83,108,107,359,251,227,125,"[0, 1, 0]"
77,212,1,NORTH,213,16,16,16,16,16,16,16,16,16,16,16,16,16,16,16,16,16,16,16,16,16,16,16,16,16,48,16,35,16,16,16,16,16,16,16,16,16,16,"[0, 0, 0]"
78,226,1,NORTH,227,17,17,17,17,17,17,17,17,17,17,17,17,17,17,17,17,17,17,17,17,17,17,17,17,17,17,49,21,49,49,17,17,22,17,49,17,17,17,"[0, 0, 0]"
79,227,1,NORTH,228,17,17,17,17,17,17,17,17,17,17,17,17,17,17,17,17,17,17,17,17,17,17,17,17,17,17,53,17,53,161,17,89,35,89,17,17,17,17,"[0, 0, 0]"
80,228,1,NORTH,229,4,4,4,4,4,4,4,4,4,4,4,4,4,4,4,4,4,4,4,4,4,4,4,20,4,4,84,52,116,190,102,276,49,316,4,96,132,4,"[4, 1, 1]"
81,240,2,EAST,403,6,6,6,6,6,6,6,6,6,6,6,6,6,6,6,6,6,6,6,6,6,66,30,42,6,6,6,6,72,6,6,6,22,42,36,78,126,6,"[0, 0, 0]"
82,247,2,EAST,20,4,4,4,4,4,4,4,4,4,4,4,4,4,4,4,4,4,4,4,4,4,4,4,4,4,4,4,92,84,12,28,4,20,4,60,17,8,4,"[0, 1, 0]"
83,248,2,EAST,352,10,10,10,10,10,10,10,10,10,10,10,10,10,10,10,10,10,10,10,10,10,10,10,10,10,10,64,22,21,10,28,10,46,10,70,88,82,10,"[0, 0, 1]"
84,249,2,EAST,21,7,7,7,7,7,7,7,7,7,7,7,7,7,7,7,7,7,7,7,7,7,7,7,7,7,7,23,87,87,7,31,15,143,63,119,31,103,127,"[0, 1, 1]"
85,250,2,EAST,22,19,19,19,19,19,19,19,19,19,19,19,19,19,19,19,19,19,19,19,19,19,19,19,19,19,19,19,39,63,47,23,23,71,23,31,27,59,27,"[3, 0, 1]"
86,251,2,EAST,23,1,1,1,1,1,1,1,1,1,1,1,1,1,1,1,1,1,1,1,1,1,1,1,1,1,1,1,1,25,7,1,7,43,31,9,37,31,13,"[2, 0, 1]"
87,252,2,EAST,24,6,6,6,6,6,6,6,6,6,6,6,6,6,6,6,6,6,6,6,6,6,6,6,6,6,6,134,126,94,74,14,46,142,30,150,35,190,6,"[1, 0, 1]"
88,254,2,EAST,26,6,6,6,6,6,6,6,6,6,6,6,6,6,6,6,6,6,6,6,6,6,6,6,6,6,6,6,6,60,60,102,6,18,66,6,18,36,24,"[1, 0, 0]"
89,255,2,EAST,27,3,3,3,3,3,3,3,3,3,3,3,3,3,3,3,3,3,3,3,3,3,3,3,3,3,3,3,43,31,3,31,7,43,7,71,12,43,35,"[1, 1, 1]"
90,256,2,EAST,28,5,5,5,5,5,5,5,5,5,5,5,5,5,5,5,5,5,5,5,5,5,5,5,5,5,5,5,41,59,35,11,11,47,41,77,16,77,5,"[1, 0, 1]"
91,257,2,EAST,29,5,5,5,5,5,5,5,5,5,5,5,5,5,5,5,5,5,5,5,5,5,5,5,5,5,5,47,21,29,19,23,7,27,25,29,13,33,17,"[1, 0, 1]"
92,261,2,EAST,33,13,13,13,13,13,13,13,13,13,13,13,13,13,13,13,13,13,13,13,13,13,13,13,13,13,13,13,21,61,55,29,17,61,53,26,105,93,37,"[2, 0, 1]"
93,266,2,EAST,36,5,5,5,5,5,5,5,5,5,5,5,5,5,5,5,5,5,5,5,5,5,5,5,5,5,125,42,5,133,61,85,37,13,125,141,117,125,205,"[2, 0, 1]"
94,270,2,EAST,41,10,10,10,10,10,10,10,10,10,10,10,10,10,10,10,10,10,10,10,10,10,10,10,10,10,166,208,130,10,10,142,40,70,112,166,55,112,310,"[0, 0, 1]"
95,271,2,EAST,44,15,15,15,15,15,15,15,15,15,15,15,15,15,15,15,15,15,15,15,15,15,15,15,15,15,45,99,21,27,15,15,33,33,15,81,26,75,33,"[0, 0, 0]"
96,277,2,EAST,56,16,16,16,16,16,16,16,16,16,16,16,16,16,16,16,16,16,16,16,16,16,16,16,16,16,104,272,216,144,108,224,120,256,80,352,304,352,176,"[1, 1, 1]"
97,278,2,EAST,57,15,15,15,15,15,15,15,15,15,15,15,15,15,15,15,15,15,15,15,15,15,15,15,39,15,123,153,87,51,75,15,45,38,39,51,99,87,15,"[0, 1, 0]"
98,279,2,EAST,59,5,5,5,5,5,5,5,5,5,5,5,5,5,5,5,5,5,5,5,5,5,5,5,5,5,5,13,5,5,5,5,5,5,17,11,6,5,5,"[0, 0, 0]"
99,280,2,EAST,62,12,12,12,12,12,12,12,12,12,12,12,12,12,12,12,12,12,12,12,12,12,30,42,24,12,102,168,66,42,30,30,24,24,36,54,32,108,12,"[0, 1, 0]"
100,281,2,EAST,66,3,3,3,3,3,3,3,3,3,3,3,3,3,3,3,3,3,3,3,3,3,3,3,3,3,3,3,27,179,3,35,115,371,99,363,467,923,102,"[0, 2, 1]"
101,282,2,EAST,67,6,6,6,6,6,6,6,6,6,6,6,6,6,6,6,6,6,6,6,6,6,42,12,6,6,6,6,6,6,6,6,24,78,102,45,420,156,432,"[1, 0, 1]"
102,283,2,EAST,244,16,16,16,16,16,16,16,16,16,16,16,16,16,16,16,16,16,16,16,16,16,142,16,46,16,43,16,94,106,154,58,40,118,88,88,76,16,16,"[0, 0, 0]"
103,288,2,EAST,73,19,19,19,19,19,19,19,19,19,19,19,19,19,19,19,19,19,19,19,43,77,39,47,63,19,147,41,35,87,75,61,29,119,27,85,21,31,45,"[0, 0, 0]"
104,290,2,EAST,76,12,12,12,12,12,12,12,12,12,12,12,12,12,12,12,12,12,12,12,12,12,12,12,12,12,12,12,12,12,12,12,12,12,12,12,72,549,276,"[1, 0, 0]"
105,299,2,EAST,84,4,4,4,4,4,4,4,4,4,4,4,4,4,4,4,4,4,4,4,4,4,4,4,4,4,4,8,8,32,4,28,4,4,24,24,27,228,132,"[1, 0, 0]"
106,302,2,EAST,87,13,13,13,13,13,13,13,13,13,13,13,13,13,13,13,13,13,13,13,13,13,13,13,13,13,13,13,13,13,13,13,13,13,13,13,73,30,13,"[0, 0, 0]"
107,314,2,EAST,259,19,19,19,19,19,19,19,19,19,19,19,19,19,19,19,19,19,19,19,19,19,19,19,19,19,139,475,235,151,119,79,39,95,95,251,435,19,535,"[0, 1, 1]"
108,315,2,EAST,260,10,10,10,10,10,10,10,10,10,10,10,10,10,10,10,10,10,10,10,10,10,10,10,10,10,90,154,122,90,98,30,34,43,42,122,210,102,22,"[1, 1, 0]"
109,316,2,EAST,261,20,20,20,20,20,20,20,20,20,20,20,20,20,20,20,20,20,20,20,20,20,20,20,20,20,20,20,20,20,28,216,336,145,628,1020,420,788,388,"[1, 0, 1]"
110,317,2,EAST,262,6,6,6,6,6,6,6,6,6,6,6,6,6,6,6,6,6,6,6,6,6,6,6,6,6,6,6,42,50,30,6,22,78,34,60,17,6,14,"[1, 0, 0]"
111,335,2,EAST,110,12,12,12,12,12,12,12,12,12,12,12,12,12,12,12,12,12,12,12,12,12,12,12,12,12,12,12,12,12,12,12,12,12,12,12,12,12,12,"[0, 0, 0]"
112,342,2,EAST,117,16,16,16,16,16,16,16,16,16,16,16,16,16,16,16,16,16,16,16,16,16,17,16,16,16,16,16,16,22,16,16,16,16,16,22,19,16,16,"[0, 0, 0]"
113,355,2,EAST,338,13,13,13,13,13,13,13,13,13,13,13,13,13,13,13,13,13,13,13,13,13,13,13,13,13,13,13,13,13,13,13,13,13,153,31,149,97,65,"[3, 0, 1]"
114,358,2,EAST,340,2,2,2,2,2,2,2,2,2,2,2,2,2,2,2,2,2,2,2,2,362,218,42,182,2,187,2002,2,2,2,2,2,390,14,2,2,2,2,"[0, 0, 0]"
115,370,2,EAST,344,1,1,1,1,1,1,1,1,1,1,1,1,1,1,1,1,1,1,1,1,1,1,1,1,1,1,1,1,1,1,1,1,113,49,28,97,229,145,"[0, 1, 1]"
116,371,2,EAST,410,7,7,7,7,7,7,7,7,7,7,7,7,7,7,7,7,7,7,7,7,7,7,7,7,7,7,7,7,7,7,7,7,207,279,33,7,167,39,"[1, 3, 0]"
117,391,2,EAST,389,3,3,3,3,3,3,3,3,3,3,3,3,3,3,3,3,3,3,3,3,3,3,3,3,3,3,3,3,3,3,3,3,3,3,3,5,23,27,"[2, 0, 0]"
118,395,2,EAST,162,6,6,6,6,6,6,6,6,6,6,6,6,6,6,6,6,6,6,6,6,6,6,6,6,6,6,6,6,6,6,6,6,6,6,6,6,22,7,"[0, 0, 0]"
119,396,2,EAST,163,13,13,13,13,13,13,13,13,13,13,13,13,13,13,13,13,13,13,13,13,13,13,13,13,13,13,13,13,13,13,13,13,13,13,13,13,13,21,"[0, 0, 0]"
120,397,2,EAST,164,6,6,6,6,6,6,6,6,6,6,6,6,6,6,6,6,6,6,6,6,6,6,6,6,6,6,6,6,6,6,6,6,6,6,6,6,12,6,"[0, 0, 0]"
121,402,2,EAST,172,2,2,2,2,2,2,2,2,2,2,2,2,2,2,2,2,2,2,2,2,2,2,2,2,2,2,2,2,2,2,2,2,2,2,2,2,2,2,"[0, 0, 0]"
122,403,2,EAST,178,20,20,20,20,20,20,20,20,20,20,20,20,20,20,20,20,20,20,20,20,20,20,20,20,20,20,20,20,20,20,20,20,20,20,52,25,36,44,"[0, 2, 1]"
123,404,2,EAST,179,6,6,6,6,6,6,6,6,6,6,6,6,6,6,6,6,6,6,6,6,6,6,6,6,6,6,6,6,6,6,6,6,6,6,6,6,10,6,"[0, 0, 0]"
124,408,2,EAST,392,9,9,9,9,9,9,9,9,9,9,9,9,9,9,9,9,9,9,9,9,9,9,9,9,9,9,9,9,9,9,9,9,9,9,9,13,17,9,"[3, 1, 0]"
125,409,2,EAST,187,20,20,20,20,20,20,20,20,20,20,20,20,20,20,20,20,20,20,20,20,20,20,20,20,20,20,20,20,20,20,20,20,20,20,20,20,20,20,"[0, 0, 0]"
126,410,2,EAST,189,17,17,17,17,17,17,17,17,17,17,17,17,17,17,17,17,17,17,17,17,17,17,29,17,17,37,53,17,17,17,17,25,17,17,17,25,21,29,"[0, 1, 0]"
127,413,2,EAST,195,18,18,18,18,18,18,18,18,18,18,18,18,18,18,18,18,18,18,18,18,18,18,58,18,18,29,30,90,30,54,18,26,58,18,60,18,66,34,"[0, 0, 0]"
128,415,2,EAST,198,1,1,1,1,1,1,1,1,1,1,1,1,1,1,1,1,1,1,1,1,1,33,19,1,1,37,25,1,1,1,9,13,1,5,5,8,65,1,"[0, 0, 0]"
129,417,2,EAST,306,3,3,3,3,3,3,3,3,3,3,3,3,3,3,3,3,3,3,3,3,3,3,3,3,3,33,7,3,3,3,3,3,3,3,3,23,29,3,"[0, 0, 0]"
130,418,2,EAST,312,16,16,16,16,16,16,16,16,16,16,16,16,16,16,16,16,16,16,16,16,16,16,16,16,16,16,16,16,16,16,16,16,16,16,16,16,16,16,"[0, 0, 0]"
131,419,2,EAST,315,12,12,12,12,12,12,12,12,12,12,12,12,12,12,12,12,12,12,12,12,12,12,12,12,12,12,12,12,12,12,12,12,12,12,12,12,54,15,"[0, 0, 0]"
132,420,2,EAST,316,19,19,19,19,19,19,19,19,19,19,19,19,19,19,19,19,19,19,19,19,19,19,19,19,19,19,19,19,19,19,19,19,19,19,19,19,49,49,"[0, 1, 0]"
133,421,2,EAST,319,18,18,18,18,18,18,18,18,18,18,18,18,18,18,18,18,18,18,18,18,18,30,18,18,18,144,126,84,84,48,93,18,42,54,93,114,40,18,"[1, 0, 0]"
134,422,2,EAST,321,18,18,18,18,18,18,18,18,18,18,18,18,18,18,18,18,18,18,18,18,18,34,42,98,18,18,42,50,50,42,34,18,18,42,154,36,26,114,"[0, 0, 1]"
135,423,2,EAST,322,19,19,19,19,19,19,19,19,19,19,19,19,19,19,19,19,19,19,19,19,19,51,27,91,19,19,131,91,107,51,67,19,19,67,115,155,44,51,"[1, 0, 0]"
136,424,2,EAST,399,20,20,20,20,20,20,20,20,20,20,20,20,20,20,20,20,20,20,20,20,20,20,20,20,20,20,20,20,20,22,40,40,112,44,28,48,30,98,"[0, 1, 1]"
137,425,2,EAST,205,9,9,9,9,9,9,9,9,9,9,9,9,9,9,9,9,9,9,9,9,9,9,69,9,9,69,297,129,9,201,237,87,69,159,309,201,141,45,"[0, 0, 1]"
138,427,2,EAST,208,6,6,6,6,6,6,6,6,6,6,6,6,6,6,6,6,6,6,6,6,6,6,6,6,6,6,6,6,6,6,6,24,106,58,29,76,134,210,"[0, 0, 1]"
139,428,2,EAST,210,10,10,10,10,10,10,10,10,10,10,10,10,10,10,10,10,10,10,10,10,10,10,10,34,10,58,10,46,46,64,112,10,58,22,33,136,70,124,"[2, 2, 1]"
140,451,3,WEST,350,7,7,7,7,7,7,7,7,7,7,7,7,7,7,7,7,7,7,7,7,103,91,46,31,7,7,19,37,19,13,31,79,103,67,151,30,19,43,"[1, 0, 0]"
141,459,3,WEST,327,13,13,13,13,13,13,13,13,13,13,13,13,13,13,13,13,13,13,13,13,13,13,13,13,13,13,13,20,23,19,17,17,19,13,19,14,15,13,"[1, 0, 0]"
142,460,3,WEST,19,19,19,19,19,19,19,19,19,19,19,19,19,19,19,19,19,19,19,19,19,19,19,19,19,19,19,19,35,39,35,25,31,47,23,35,24,41,27,"[0, 1, 1]"
143,461,3,WEST,351,18,18,18,18,18,18,18,18,18,18,18,18,18,18,18,18,18,18,18,18,18,18,18,18,18,18,36,36,69,33,21,30,69,48,57,26,33,18,"[1, 2, 0]"
144,462,3,WEST,236,4,4,4,4,4,4,4,4,4,4,4,4,4,4,4,4,4,4,4,4,4,4,4,4,4,4,4,64,164,40,110,29,136,96,52,84,12,32,"[1, 0, 1]"
145,463,3,WEST,20,11,11,11,11,11,11,11,11,11,11,11,11,11,11,11,11,11,11,11,11,11,11,11,11,11,11,11,41,54,29,66,20,98,29,29,17,14,15,"[2, 0, 0]"
146,464,3,WEST,352,20,20,20,20,20,20,20,20,20,20,20,20,20,20,20,20,20,20,20,20,20,20,20,20,20,20,20,68,180,92,112,236,49,132,84,92,52,36,"[2, 2, 1]"
147,465,3,WEST,353,1,1,1,1,1,1,1,1,1,1,1,1,1,1,1,1,1,1,1,1,1,1,1,1,1,1,1,55,181,49,97,184,32,175,91,85,55,43,"[2, 0, 1]"
148,466,3,WEST,21,3,3,3,3,3,3,3,3,3,3,3,3,3,3,3,3,3,3,3,3,3,3,3,3,3,3,3,57,60,120,123,105,46,225,123,210,33,141,"[1, 0, 1]"
149,467,3,WEST,22,6,6,6,6,6,6,6,6,6,6,6,6,6,6,6,6,6,6,6,6,6,6,6,6,6,6,6,21,19,20,6,18,9,31,11,15,10,6,"[0, 0, 0]"
150,468,3,WEST,23,18,18,18,18,18,18,18,18,18,18,18,18,18,18,18,18,18,18,18,18,18,18,18,18,18,18,18,82,94,58,50,74,39,142,134,126,42,26,"[0, 0, 1]"
151,469,3,WEST,24,20,20,20,20,20,20,20,20,20,20,20,20,20,20,20,20,20,20,20,20,20,20,20,20,20,20,20,116,80,52,44,132,40,148,56,60,52,36,"[1, 0, 1]"
152,471,3,WEST,26,5,5,5,5,5,5,5,5,5,5,5,5,5,5,5,5,5,5,5,5,5,5,5,5,5,5,5,61,37,37,137,257,45,225,201,181,49,29,"[0, 1, 1]"
153,472,3,WEST,27,14,14,14,14,14,14,14,14,14,14,14,14,14,14,14,14,14,14,14,14,14,14,14,14,14,14,14,92,80,14,140,266,57,272,206,260,14,65,"[0, 1, 1]"
154,473,3,WEST,28,11,11,11,11,11,11,11,11,11,11,11,11,11,11,11,11,11,11,11,11,11,11,11,11,11,11,11,43,67,27,59,27,24,87,67,57,39,23,"[0, 0, 1]"
155,474,3,WEST,29,1,1,1,1,1,1,1,1,1,1,1,1,1,1,1,1,1,1,1,1,1,1,1,1,1,1,1,55,31,25,103,49,23,103,82,88,73,31,"[2, 1, 1]"
156,478,3,WEST,33,17,17,17,17,17,17,17,17,17,17,17,17,17,17,17,17,17,17,17,17,17,17,17,17,17,17,17,37,109,95,193,155,65,253,233,211,185,149,"[0, 1, 1]"
157,484,3,WEST,35,17,17,17,17,17,17,17,17,17,17,17,17,17,17,17,17,17,17,17,17,17,17,17,17,17,17,17,17,17,17,17,17,17,17,26,145,57,17,"[0, 1, 0]"
158,485,3,WEST,36,6,6,6,6,6,6,6,6,6,6,6,6,6,6,6,6,6,6,6,6,6,6,10,10,6,26,62,122,106,204,270,87,454,428,352,336,26,266,"[0, 1, 1]"
159,491,3,WEST,41,3,3,3,3,3,3,3,3,3,3,3,3,3,3,3,3,3,3,3,3,3,3,3,33,3,3,15,29,47,43,22,47,92,65,86,109,13,49,"[0, 0, 1]"
160,494,3,WEST,42,7,7,7,7,7,7,7,7,7,7,7,7,7,7,7,7,7,7,7,7,7,7,7,59,7,7,39,19,119,83,183,55,39,79,159,137,91,67,"[0, 0, 1]"
161,495,3,WEST,43,8,8,8,8,8,8,8,8,8,8,8,8,8,8,8,8,8,8,8,8,8,8,14,134,8,14,50,95,131,134,296,152,296,63,152,164,86,104,"[1, 0, 1]"
162,496,3,WEST,44,10,10,10,10,10,10,10,10,10,10,10,10,10,10,10,10,10,10,10,10,10,10,10,160,10,22,46,52,52,124,97,184,232,88,154,49,106,34,"[1, 0, 1]"
163,497,3,WEST,356,12,12,12,12,12,12,12,12,12,12,12,12,12,12,12,12,12,12,12,12,12,12,12,34,12,16,18,30,32,46,28,54,21,40,57,42,24,38,"[3, 0, 1]"
164,505,3,WEST,54,14,14,14,14,14,14,14,14,14,14,14,14,14,14,14,14,14,14,14,14,14,14,14,40,14,14,18,26,34,50,32,58,22,36,30,48,16,28,"[1, 0, 1]"
165,506,3,WEST,55,16,16,16,16,16,16,16,16,16,16,16,16,16,16,16,16,16,16,16,16,16,16,16,20,16,18,32,22,59,68,142,151,37,85,86,90,38,39,"[0, 0, 1]"
166,507,3,WEST,56,12,12,12,12,12,12,12,12,12,12,12,12,12,12,12,12,12,12,12,12,12,12,12,12,12,12,48,124,222,310,752,640,115,182,212,424,88,196,"[1, 0, 0]"
167,508,3,WEST,57,18,18,18,18,18,18,18,18,18,18,18,18,18,18,18,18,18,18,18,18,18,18,50,18,18,18,50,18,78,18,114,43,182,138,82,102,58,122,"[1, 0, 1]"
168,509,3,WEST,58,15,15,15,15,15,15,15,15,15,15,15,15,15,15,15,15,15,15,15,15,15,15,15,15,15,15,43,15,63,91,131,211,44,141,139,163,35,63,"[0, 1, 1]"
169,510,3,WEST,59,13,13,13,13,13,13,13,13,13,13,13,13,13,13,13,13,13,13,13,13,13,13,13,89,13,21,49,149,145,173,353,325,285,461,409,94,101,205,"[3, 0, 1]"
170,512,3,WEST,60,19,19,19,19,19,19,19,19,19,19,19,19,19,19,19,19,19,19,19,19,19,19,19,19,19,19,19,49,331,289,298,169,106,73,109,319,193,55,"[0, 0, 1]"
171,513,3,WEST,61,19,19,19,19,19,19,19,19,19,19,19,19,19,19,19,19,19,19,19,19,46,1330,337,919,19,1180,355,307,97,148,202,196,1048,184,19,319,541,1324,"[0, 0, 0]"
172,514,3,WEST,62,17,17,17,17,17,17,17,17,17,17,17,17,17,17,17,17,17,17,17,17,17,17,59,233,17,17,77,131,116,176,314,371,83,266,197,224,83,83,"[0, 0, 1]"
173,515,3,WEST,63,16,16,16,16,16,16,16,16,16,16,16,16,16,16,16,16,16,16,16,16,16,16,16,43,16,22,52,41,51,45,55,33,94,94,88,82,44,68,"[0, 1, 1]"
174,516,3,WEST,66,10,10,10,10,10,10,10,10,10,10,10,10,10,10,10,10,10,10,10,10,10,10,10,10,10,14,58,70,38,74,38,190,254,242,378,58,38,186,"[0, 0, 1]"
175,517,3,WEST,67,7,7,7,7,7,7,7,7,7,7,7,7,7,7,7,7,7,7,7,7,31,79,23,7,7,15,55,39,23,39,63,279,231,77,407,471,167,383,"[2, 1, 1]"
176,518,3,WEST,244,12,12,12,12,12,12,12,12,12,12,12,12,12,12,12,12,12,12,12,12,26,16,12,12,12,12,12,12,16,18,26,34,28,47,18,48,18,18,"[1, 0, 1]"
177,519,3,WEST,68,16,16,16,16,16,16,16,16,16,16,16,16,16,16,16,16,16,16,16,16,28,36,29,20,16,22,16,20,18,41,42,27,58,62,26,87,18,54,"[2, 0, 1]"
178,524,3,WEST,74,19,19,19,19,19,19,19,19,19,19,19,19,19,19,19,19,19,19,19,19,19,19,19,19,19,19,19,75,91,147,403,523,100,403,295,267,19,243,"[0, 1, 1]"
179,525,3,WEST,75,1,1,1,1,1,1,1,1,1,1,1,1,1,1,1,1,1,1,9,49,42,115,51,1,1,1,5,29,45,85,149,165,133,85,133,101,23,49,"[1, 0, 0]"
180,527,3,WEST,76,16,16,16,16,16,16,16,16,16,16,16,16,16,16,16,16,16,16,16,16,16,16,16,16,16,16,16,16,16,16,16,16,16,16,16,19,32,44,"[0, 3, 0]"
181,534,3,WEST,358,3,3,3,3,3,3,3,3,3,3,3,3,3,3,3,3,3,3,3,3,3,3,3,3,3,3,3,3,3,3,3,3,3,3,3,3,3,3,"[0, 0, 0]"
182,537,3,WEST,85,7,7,7,7,7,7,7,7,7,7,7,7,7,7,7,7,7,7,7,7,7,7,7,7,7,7,7,7,7,7,7,7,187,7,7,21,7,7,"[0, 0, 0]"
183,540,3,WEST,87,4,4,4,4,4,4,4,4,4,4,4,4,4,4,4,4,4,4,4,4,4,4,4,4,4,4,4,4,4,4,4,4,4,4,4,6,4,12,"[0, 0, 0]"
184,556,3,WEST,362,20,20,20,20,20,20,20,20,20,20,20,20,20,20,20,20,20,20,27,74,48,44,39,20,20,20,20,30,39,23,33,50,34,30,30,29,21,29,"[0, 1, 0]"
185,568,3,WEST,368,9,9,9,9,9,9,9,9,9,9,9,9,9,9,9,9,9,9,9,9,9,37,10,17,9,9,9,9,169,84,39,37,167,63,59,193,27,27,"[2, 0, 1]"
186,569,3,WEST,369,19,19,19,19,19,19,19,19,19,19,19,19,19,19,19,19,19,19,19,19,19,19,19,19,19,19,19,19,19,19,19,19,19,19,19,19,19,19,"[0, 0, 0]"
187,574,3,WEST,373,5,5,5,5,5,5,5,5,5,5,5,5,5,5,5,5,5,5,5,5,5,5,5,5,5,5,5,5,5,5,5,5,37,7,13,17,5,13,"[0, 0, 0]"
188,575,3,WEST,259,16,16,16,16,16,16,16,16,16,16,16,16,16,16,16,16,16,16,16,16,16,16,16,16,16,16,130,196,214,196,253,226,67,163,88,157,73,37,"[1, 0, 0]"
189,576,3,WEST,260,19,19,19,19,19,19,19,19,19,19,19,19,19,19,19,19,19,19,19,19,19,19,19,19,19,19,67,59,147,135,48,119,135,155,131,107,43,51,"[0, 0, 1]"
190,577,3,WEST,261,8,8,8,8,8,8,8,8,8,8,8,8,8,8,8,8,8,8,8,8,8,8,8,8,8,8,8,8,8,152,326,122,710,734,404,722,338,233,"[0, 2, 1]"
191,578,3,WEST,262,4,4,4,4,4,4,4,4,4,4,4,4,4,4,4,4,4,4,4,4,4,4,4,4,4,4,16,84,48,37,144,102,221,77,132,110,12,144,"[2, 1, 1]"
192,582,3,WEST,266,11,11,11,11,11,11,11,11,11,11,11,11,11,11,11,11,11,11,11,11,11,11,11,11,11,11,11,99,83,131,225,107,303,171,227,19,11,56,"[0, 2, 0]"
193,595,3,WEST,279,5,5,5,5,5,5,5,5,5,5,5,5,5,5,5,5,5,5,5,5,5,9,5,5,5,5,5,5,37,33,65,65,65,5,13,17,17,9,"[1, 0, 0]"
194,596,3,WEST,280,7,7,7,7,7,7,7,7,7,7,7,7,7,7,7,7,7,7,7,7,7,37,7,10,7,7,7,19,25,13,15,19,55,55,37,31,25,7,"[1, 0, 0]"
195,597,3,WEST,281,5,5,5,5,5,5,5,5,5,5,5,5,5,5,5,5,5,5,5,5,5,5,5,5,5,5,5,5,17,33,41,13,10,25,5,33,21,5,"[0, 0, 1]"
196,598,3,WEST,282,8,8,8,8,8,8,8,8,8,8,8,8,8,8,8,8,8,8,8,64,180,230,144,120,8,26,28,20,24,116,192,28,230,170,144,124,30,84,"[1, 0, 0]"
197,599,3,WEST,283,19,19,19,19,19,19,19,19,19,19,19,19,19,19,19,19,19,19,19,154,53,196,130,76,19,31,49,31,37,82,61,133,151,91,55,73,37,43,"[1, 0, 0]"
198,600,3,WEST,375,17,17,17,17,17,17,17,17,17,17,17,17,17,17,17,17,17,17,17,17,17,71,134,62,17,17,53,41,89,41,122,143,158,113,113,51,59,179,"[0, 0, 1]"
199,601,3,WEST,376,13,13,13,13,13,13,13,13,13,13,13,13,13,13,13,13,13,13,13,13,13,25,17,19,13,13,25,13,17,21,27,19,53,21,23,19,16,19,"[0, 0, 0]"
200,602,3,WEST,284,10,10,10,10,10,10,10,10,10,10,10,10,10,10,10,10,10,10,10,10,10,14,41,15,10,10,12,11,22,27,12,29,22,23,19,31,10,14,"[0, 0, 0]"
201,603,3,WEST,285,7,7,7,7,7,7,7,7,7,7,7,7,7,7,7,7,7,7,7,51,37,15,41,7,7,7,7,7,27,31,31,35,21,11,13,11,23,15,"[0, 1, 0]"
202,604,3,WEST,377,11,11,11,11,11,11,11,11,11,11,11,11,11,11,11,11,11,11,11,11,11,11,17,25,11,11,11,11,23,29,19,33,17,33,31,41,33,27,"[1, 0, 1]"
203,605,3,WEST,378,7,7,7,7,7,7,7,7,7,7,7,7,7,7,7,7,7,7,7,7,7,7,19,43,7,7,7,7,27,19,43,59,16,27,15,27,27,35,"[0, 0, 1]"
204,618,3,WEST,379,12,12,12,12,12,12,12,12,12,12,12,12,12,12,12,12,12,12,12,12,12,12,396,108,12,12,180,228,161,804,584,60,204,36,84,976,252,340,"[0, 0, 1]"
205,619,3,WEST,380,19,19,19,19,19,19,19,19,19,19,19,19,19,19,19,19,19,19,19,19,19,19,31,43,19,37,55,61,56,300,77,19,61,37,19,329,25,227,"[0, 1, 1]"
206,620,3,WEST,381,5,5,5,5,5,5,5,5,5,5,5,5,5,5,5,5,5,5,5,5,5,5,5,5,5,5,21,21,59,261,77,101,221,269,101,349,5,141,"[2, 0, 1]"
207,633,3,WEST,384,13,13,13,13,13,13,13,13,13,13,13,13,13,13,13,13,13,13,13,18,15,15,13,13,13,13,15,19,23,15,26,13,13,21,23,13,13,15,"[0, 0, 0]"
208,647,3,WEST,156,7,7,7,7,7,7,7,7,7,7,7,7,7,7,7,7,7,7,7,7,7,7,7,7,7,7,7,7,7,7,199,79,79,103,199,33,39,39,"[4, 0, 1]"
209,648,3,WEST,389,1,1,1,1,1,1,1,1,1,1,1,1,1,1,1,1,1,1,1,1,1,1,1,1,1,1,1,1,1,1,1,1,1,1,1,3,1,1,"[0, 0, 0]"
210,650,3,WEST,390,19,19,19,19,19,19,19,19,19,19,19,19,19,19,19,19,19,19,19,19,19,19,19,19,19,19,19,19,19,19,19,19,19,19,19,22,19,31,"[0, 0, 0]"
211,655,3,WEST,162,7,7,7,7,7,7,7,7,7,7,7,7,7,7,7,7,7,7,7,7,7,7,7,7,7,7,7,7,7,7,7,7,7,7,7,11,19,67,"[2, 0, 0]"
212,656,3,WEST,163,6,6,6,6,6,6,6,6,6,6,6,6,6,6,6,6,6,6,6,6,6,6,6,6,6,6,6,6,6,6,6,6,6,6,6,7,10,10,"[0, 2, 0]"
213,657,3,WEST,164,5,5,5,5,5,5,5,5,5,5,5,5,5,5,5,5,5,5,5,5,5,5,5,5,5,5,5,5,5,5,5,5,5,5,5,8,53,17,"[0, 0, 0]"
214,663,3,WEST,169,2,2,2,2,2,2,2,2,2,2,2,2,2,2,2,2,2,2,2,2,2,2,2,2,2,2,2,2,2,2,234,402,63,194,490,286,34,146,"[2, 0, 1]"
215,664,3,WEST,391,2,2,2,2,2,2,2,2,2,2,2,2,2,2,2,2,2,2,2,2,2,2,2,2,2,2,2,2,2,2,2,2,2,2,2,2,2,2,"[0, 0, 0]"
216,665,3,WEST,170,18,18,18,18,18,18,18,18,18,18,18,18,18,18,18,18,18,18,18,18,18,18,18,18,18,18,18,18,18,18,18,274,418,482,250,71,58,106,"[2, 0, 0]"
217,666,3,WEST,171,9,9,9,9,9,9,9,9,9,9,9,9,9,9,9,9,9,9,9,9,9,9,9,9,9,9,9,9,9,9,219,9,37,99,141,174,33,27,"[4, 0, 1]"
218,667,3,WEST,172,9,9,9,9,9,9,9,9,9,9,9,9,9,9,9,9,9,9,9,9,9,9,9,9,9,9,9,9,9,9,9,9,9,9,9,9,9,11,"[0, 0, 0]"
219,668,3,WEST,299,12,12,12,12,12,12,12,12,12,12,12,12,12,12,12,12,12,12,456,91,225,186,96,48,12,12,36,48,114,90,96,192,351,420,168,78,90,66,"[1, 0, 0]"
220,670,3,WEST,174,3,3,3,3,3,3,3,3,3,3,3,3,3,3,3,3,3,3,3,3,3,3,3,3,3,3,3,3,3,23,7,6,25,11,9,15,3,3,"[0, 0, 0]"
221,671,3,WEST,175,10,10,10,10,10,10,10,10,10,10,10,10,10,10,10,10,10,10,10,10,10,10,10,10,10,10,10,10,10,34,10,14,31,10,13,58,10,10,"[2, 0, 1]"
222,672,3,WEST,176,5,5,5,5,5,5,5,5,5,5,5,5,5,5,5,5,5,5,5,5,5,5,5,5,5,5,5,5,5,5,5,15,5,9,5,13,5,5,"[0, 0, 0]"
223,673,3,WEST,177,3,3,3,3,3,3,3,3,3,3,3,3,3,3,3,3,3,3,3,3,3,3,3,3,3,3,3,3,3,5,5,17,25,3,3,12,9,3,"[0, 1, 0]"
224,674,3,WEST,178,13,13,13,13,13,13,13,13,13,13,13,13,13,13,13,13,13,13,13,13,13,13,13,13,13,13,13,13,13,13,13,13,13,13,35,16,31,35,"[0, 2, 1]"
225,675,3,WEST,179,16,16,16,16,16,16,16,16,16,16,16,16,16,16,16,16,16,16,16,16,16,16,16,16,16,16,16,16,16,16,178,16,79,32,178,40,34,40,"[0, 1, 1]"
226,676,3,WEST,180,11,11,11,11,11,11,11,11,11,11,11,11,11,11,11,11,11,11,11,43,27,27,43,11,11,11,11,11,11,11,11,11,43,43,11,27,11,27,"[0, 0, 0]"
227,679,3,WEST,183,18,18,18,18,18,18,18,18,18,18,18,18,18,18,18,18,18,18,18,66,31,66,66,18,18,18,34,18,50,34,18,50,50,66,34,50,50,50,"[0, 0, 0]"
228,682,3,WEST,300,6,6,6,6,6,6,6,6,6,6,6,6,6,6,6,6,6,6,6,13,30,12,42,6,6,6,6,6,18,42,6,30,30,6,6,42,6,30,"[0, 0, 0]"
229,685,3,WEST,392,9,9,9,9,9,9,9,9,9,9,9,9,9,9,9,9,9,9,9,9,9,9,9,9,9,9,9,9,9,9,9,9,9,9,9,9,9,9,"[0, 0, 0]"
230,688,3,WEST,188,12,12,12,12,12,12,12,12,12,12,12,12,12,12,12,12,12,12,12,36,84,24,60,12,12,12,12,12,12,28,76,23,28,68,20,24,20,20,"[0, 0, 0]"
231,689,3,WEST,189,17,17,17,17,17,17,17,17,17,17,17,17,17,17,17,17,17,17,42,65,85,109,85,17,17,17,25,25,49,69,43,67,129,93,73,77,41,45,"[0, 1, 0]"
232,691,3,WEST,192,20,20,20,20,20,20,20,20,20,20,20,20,20,20,20,20,20,20,36,92,32,68,100,44,20,20,20,20,20,20,52,28,84,20,20,20,52,20,"[0, 0, 0]"
233,692,3,WEST,193,17,17,17,17,17,17,17,17,17,17,17,17,17,17,17,17,17,17,191,107,137,143,71,83,17,17,17,17,17,95,59,101,173,107,89,54,17,53,"[1, 0, 0]"
234,694,3,WEST,195,15,15,15,15,15,15,15,15,15,15,15,15,15,15,15,15,15,15,33,15,23,37,25,15,15,15,15,19,21,15,16,20,17,27,18,27,15,15,"[0, 0, 0]"
235,696,3,WEST,197,3,3,3,3,3,3,3,3,3,3,3,3,3,3,3,3,3,3,3,3,123,147,91,51,3,3,11,3,11,11,75,81,51,28,43,131,3,27,"[0, 1, 0]"
236,699,3,WEST,200,3,3,3,3,3,3,3,3,3,3,3,3,3,3,3,3,3,3,3,3,3,3,3,3,3,3,3,3,3,3,3,405,216,519,387,64,105,129,"[1, 0, 0]"
237,700,3,WEST,201,19,19,19,19,19,19,19,19,19,19,19,19,19,19,19,19,19,19,19,19,19,19,19,19,19,19,19,19,19,19,19,50,257,259,157,195,87,81,"[0, 0, 1]"
238,701,3,WEST,202,3,3,3,3,3,3,3,3,3,3,3,3,3,3,3,3,3,3,3,3,3,3,3,3,3,3,3,3,3,3,3,137,134,121,107,139,15,21,"[1, 0, 0]"
239,703,3,WEST,393,17,17,17,17,17,17,17,17,17,17,17,17,17,17,17,17,17,17,17,17,17,17,17,17,17,17,17,17,17,17,17,17,17,17,17,17,17,17,"[0, 0, 0]"
240,704,3,WEST,204,8,8,8,8,8,8,8,8,8,8,8,8,8,8,8,8,8,8,8,8,8,8,8,8,8,8,8,8,8,8,54,192,62,192,142,160,32,82,"[1, 0, 1]"
241,706,3,WEST,394,19,19,19,19,19,19,19,19,19,19,19,19,19,19,19,19,19,19,19,19,19,19,19,19,19,19,19,19,19,19,19,19,19,19,19,19,19,19,"[0, 0, 0]"
242,707,3,WEST,395,11,11,11,11,11,11,11,11,11,11,11,11,11,11,11,11,11,11,11,11,11,11,11,11,11,11,11,11,11,11,11,11,11,11,11,11,11,11,"[0, 0, 0]"
243,708,3,WEST,314,1,1,1,1,1,1,1,1,1,1,1,1,1,1,1,1,1,1,1,1,1,1,1,1,1,1,1,1,1,1,1,417,281,137,201,40,9,9,"[1, 0, 0]"
244,709,3,WEST,315,1,1,1,1,1,1,1,1,1,1,1,1,1,1,1,1,1,1,1,1,1,1,1,1,1,1,1,1,1,1,1,283,139,67,169,26,13,1,"[1, 0, 0]"
245,710,3,WEST,316,8,8,8,8,8,8,8,8,8,8,8,8,8,8,8,8,8,8,8,8,8,8,8,8,8,8,8,8,8,8,8,8,8,8,8,80,12,20,"[0, 0, 0]"
246,712,3,WEST,318,6,6,6,6,6,6,6,6,6,6,6,6,6,6,6,6,6,6,6,6,6,6,6,6,6,6,6,6,6,6,222,28,168,48,84,81,18,6,"[0, 0, 0]"
247,713,3,WEST,319,17,17,17,17,17,17,17,17,17,17,17,17,17,17,17,17,17,17,17,17,209,137,197,119,17,23,71,71,251,182,209,167,257,215,176,79,29,92,"[1, 0, 0]"
248,714,3,WEST,320,19,19,19,19,19,19,19,19,19,19,19,19,19,19,19,19,19,19,19,19,57,387,107,123,19,27,59,75,95,43,75,47,55,75,35,123,19,51,"[0, 0, 0]"
249,715,3,WEST,321,19,19,19,19,19,19,19,19,19,19,19,19,19,19,19,19,19,19,139,339,155,87,139,179,19,27,67,67,151,83,155,219,251,163,83,235,27,91,"[0, 1, 0]"
250,716,3,WEST,322,12,12,12,12,12,12,12,12,12,12,12,12,12,12,12,12,12,12,12,12,140,62,188,60,12,12,28,68,132,132,176,116,188,180,192,160,20,80,"[0, 2, 0]"
251,723,3,WEST,398,7,7,7,7,7,7,7,7,7,7,7,7,7,7,7,7,7,7,7,7,7,7,7,7,7,7,7,7,7,7,12,43,35,27,23,35,11,15,"[0, 0, 1]"
252,724,3,WEST,399,16,16,16,16,16,16,16,16,16,16,16,16,16,16,16,16,16,16,16,16,16,16,16,16,16,16,16,16,16,352,128,718,664,238,514,700,208,184,"[2, 0, 1]"
253,725,3,WEST,400,5,5,5,5,5,5,5,5,5,5,5,5,5,5,5,5,5,5,5,5,5,5,181,85,5,5,5,193,373,437,124,405,421,469,293,533,117,317,"[0, 1, 1]"
254,728,3,WEST,207,15,15,15,15,15,15,15,15,15,15,15,15,15,15,15,15,15,15,15,15,18,15,21,18,15,15,15,15,24,16,18,18,15,18,21,24,15,15,"[0, 0, 0]"
255,729,3,WEST,208,5,5,5,5,5,5,5,5,5,5,5,5,5,5,5,5,5,5,5,5,5,5,5,5,5,5,5,5,5,5,5,5,5,11,5,6,5,23,"[0, 0, 0]"
256,730,3,WEST,209,9,9,9,9,9,9,9,9,9,9,9,9,9,9,9,9,9,9,9,9,9,9,9,9,9,9,41,153,89,153,84,489,217,297,249,217,121,377,"[1, 0, 1]"
257,731,3,WEST,210,20,20,20,20,20,20,20,20,20,20,20,20,20,20,20,20,20,20,188,188,32,314,182,68,20,20,74,68,140,224,212,362,104,260,326,242,50,254,"[0, 0, 0]"
258,746,3,WEST,402,5,5,5,5,5,5,5,5,5,5,5,5,5,5,5,5,5,5,5,5,5,8,17,5,5,5,5,5,9,5,12,17,35,15,5,5,5,5,"[1, 0, 0]"
259,747,3,WEST,227,15,15,15,15,15,15,15,15,15,15,15,15,15,15,15,15,15,15,15,15,15,447,95,15,15,15,47,15,79,31,111,27,58,331,15,15,15,47,"[0, 0, 0]"
260,748,3,WEST,229,9,9,9,9,9,9,9,9,9,9,9,9,9,9,9,9,9,9,9,9,9,25,9,9,9,9,9,9,9,9,9,9,9,10,9,9,9,9,"[0, 0, 0]"
261,766,4,SOUTH,327,4,4,4,4,4,4,4,4,4,4,4,4,4,4,4,4,4,4,4,4,4,4,4,4,4,4,4,28,12,30,10,24,36,4,12,9,40,12,"[0, 1, 1]"
262,767,4,SOUTH,19,5,5,5,5,5,5,5,5,5,5,5,5,5,5,5,5,5,5,5,5,5,5,5,5,5,5,21,8,17,14,11,15,27,11,9,30,10,5,"[2, 0, 1]"
263,768,4,SOUTH,351,8,8,8,8,8,8,8,8,8,8,8,8,8,8,8,8,8,8,8,8,8,8,8,8,8,13,12,34,14,16,14,22,22,10,12,33,18,12,"[0, 0, 1]"
264,769,4,SOUTH,20,11,11,11,11,11,11,11,11,11,11,11,11,11,11,11,11,11,11,11,11,11,11,11,11,11,11,11,21,23,36,36,16,27,27,39,31,23,13,"[0, 0, 1]"
265,770,4,SOUTH,353,6,6,6,6,6,6,6,6,6,6,6,6,6,6,6,6,6,6,6,6,6,6,6,6,6,6,22,22,22,14,22,31,11,21,26,32,14,6,"[0, 0, 1]"
266,771,4,SOUTH,21,1,1,1,1,1,1,1,1,1,1,1,1,1,1,1,1,1,1,1,1,1,1,1,1,1,1,201,61,33,225,101,85,51,259,155,181,169,65,"[2, 0, 1]"
267,772,4,SOUTH,22,8,8,8,8,8,8,8,8,8,8,8,8,8,8,8,8,8,8,8,8,8,8,8,8,8,8,8,112,152,72,116,168,41,224,76,100,88,24,"[2, 0, 1]"
268,773,4,SOUTH,23,14,14,14,14,14,14,14,14,14,14,14,14,14,14,14,14,14,14,14,14,14,14,14,14,14,14,14,34,38,14,37,31,19,41,31,32,16,14,"[2, 0, 1]"
269,774,4,SOUTH,24,3,3,3,3,3,3,3,3,3,3,3,3,3,3,3,3,3,3,3,3,3,3,3,3,3,3,201,87,195,93,51,234,54,231,246,186,87,21,"[0, 1, 1]"
270,776,4,SOUTH,26,9,9,9,9,9,9,9,9,9,9,9,9,9,9,9,9,9,9,9,9,9,9,9,9,9,9,9,183,219,45,195,282,288,68,282,231,135,81,"[4, 0, 1]"
271,777,4,SOUTH,27,14,14,14,14,14,14,14,14,14,14,14,14,14,14,14,14,14,14,14,14,14,14,14,14,14,14,14,118,302,62,250,474,398,95,454,354,238,110,"[0, 0, 1]"
272,778,4,SOUTH,28,1,1,1,1,1,1,1,1,1,1,1,1,1,1,1,1,1,1,1,1,1,1,1,1,1,1,1,13,13,1,21,20,81,89,167,91,57,29,"[0, 0, 1]"
273,779,4,SOUTH,29,15,15,15,15,15,15,15,15,15,15,15,15,15,15,15,15,15,15,15,15,15,15,15,15,15,15,223,287,87,43,303,167,343,82,347,287,183,79,"[0, 1, 1]"
274,783,4,SOUTH,33,6,6,6,6,6,6,6,6,6,6,6,6,6,6,6,6,6,6,6,6,6,6,6,6,6,6,6,134,78,6,174,482,84,434,350,466,206,62,"[0, 1, 1]"
275,789,4,SOUTH,35,17,17,17,17,17,17,17,17,17,17,17,17,17,17,17,17,17,17,17,17,17,17,17,17,17,17,17,17,17,17,17,17,17,287,37,95,71,17,"[0, 0, 0]"
276,790,4,SOUTH,36,9,9,9,9,9,9,9,9,9,9,9,9,9,9,9,9,9,9,9,9,9,9,17,9,9,51,113,97,231,121,109,151,257,217,62,281,99,81,"[2, 0, 1]"
277,794,4,SOUTH,41,8,8,8,8,8,8,8,8,8,8,8,8,8,8,8,8,8,8,8,8,8,8,56,216,8,32,152,184,236,76,204,300,101,540,432,356,288,8,"[0, 0, 1]"
278,796,4,SOUTH,42,17,17,17,17,17,17,17,17,17,17,17,17,17,17,17,17,17,17,17,17,17,17,49,41,17,49,89,41,101,141,93,133,61,253,193,177,201,49,"[0, 1, 1]"
279,797,4,SOUTH,43,1,1,1,1,1,1,1,1,1,1,1,1,1,1,1,1,1,1,1,1,1,1,21,56,1,23,21,19,30,42,29,51,14,72,11,11,49,5,"[2, 0, 1]"
280,798,4,SOUTH,44,20,20,20,20,20,20,20,20,20,20,20,20,20,20,20,20,20,20,20,20,20,20,56,44,20,68,68,86,101,92,53,140,52,125,188,176,32,62,"[0, 0, 1]"
281,805,4,SOUTH,54,1,1,1,1,1,1,1,1,1,1,1,1,1,1,1,1,1,1,1,1,1,1,49,1,1,17,49,65,33,73,49,145,29,121,105,97,81,33,"[1, 0, 1]"
282,806,4,SOUTH,55,19,19,19,19,19,19,19,19,19,19,19,19,19,19,19,19,19,19,19,19,19,19,19,31,19,49,451,235,232,235,439,118,463,460,82,421,262,187,"[2, 0, 1]"
283,807,4,SOUTH,56,2,2,2,2,2,2,2,2,2,2,2,2,2,2,2,2,2,2,2,2,2,2,2,2,2,2,506,242,530,446,790,830,187,510,606,1062,262,26,"[0, 1, 1]"
284,808,4,SOUTH,57,6,6,6,6,6,6,6,6,6,6,6,6,6,6,6,6,6,6,6,6,6,6,6,6,6,36,94,26,38,26,24,80,21,38,62,46,46,6,"[0, 1, 1]"
285,809,4,SOUTH,58,10,10,10,10,10,10,10,10,10,10,10,10,10,10,10,10,10,10,10,10,10,10,10,10,10,30,86,46,62,86,132,64,31,26,94,56,94,30,"[0, 0, 1]"
286,810,4,SOUTH,59,5,5,5,5,5,5,5,5,5,5,5,5,5,5,5,5,5,5,5,5,5,5,33,13,5,77,35,153,107,81,77,5,59,421,353,429,5,73,"[0, 2, 0]"
287,813,4,SOUTH,62,6,6,6,6,6,6,6,6,6,6,6,6,6,6,6,6,6,6,6,6,6,6,63,150,6,132,156,138,303,168,189,86,342,396,321,159,150,48,"[0, 0, 1]"
288,814,4,SOUTH,63,15,15,15,15,15,15,15,15,15,15,15,15,15,15,15,15,15,15,15,15,15,15,91,199,15,163,167,159,347,227,195,523,399,115,319,371,271,15,"[0, 0, 1]"
289,818,4,SOUTH,66,16,16,16,16,16,16,16,16,16,16,16,16,16,16,16,16,16,16,16,16,16,16,16,16,16,16,16,30,70,24,56,68,72,142,192,39,125,56,"[0, 1, 1]"
290,819,4,SOUTH,67,7,7,7,7,7,7,7,7,7,7,7,7,7,7,7,7,7,7,7,7,85,160,82,37,7,67,157,91,157,67,187,214,343,511,511,433,415,289,"[0, 0, 1]"
291,820,4,SOUTH,244,12,12,12,12,12,12,12,12,12,12,12,12,12,12,12,12,12,12,12,12,40,146,44,30,12,44,56,16,24,28,20,74,48,72,168,36,124,36,"[0, 0, 0]"
292,825,4,SOUTH,73,12,12,12,12,12,12,12,12,12,12,12,12,12,12,12,12,12,12,44,31,67,69,64,43,12,27,82,28,72,31,57,71,52,38,63,26,19,14,"[0, 0, 0]"
293,826,4,SOUTH,74,12,12,12,12,12,12,12,12,12,12,12,12,12,12,12,12,12,12,12,12,12,12,12,12,12,12,46,48,56,44,72,70,25,44,68,58,12,30,"[0, 0, 1]"
294,829,4,SOUTH,76,7,7,7,7,7,7,7,7,7,7,7,7,7,7,7,7,7,7,7,7,7,7,7,7,7,7,7,7,7,7,7,7,7,7,7,21,8,7,"[0, 0, 0]"
295,842,4,SOUTH,87,12,12,12,12,12,12,12,12,12,12,12,12,12,12,12,12,12,12,12,12,12,12,12,12,12,12,12,12,12,12,12,12,12,12,12,16,14,12,"[0, 1, 0]"
296,852,4,SOUTH,418,14,14,14,14,14,14,14,14,14,14,14,14,14,14,14,14,14,14,14,14,14,14,22,82,14,28,70,42,36,22,42,16,30,46,60,25,32,34,"[0, 0, 0]"
297,857,4,SOUTH,362,7,7,7,7,7,7,7,7,7,7,7,7,7,7,7,7,7,7,79,187,172,277,148,244,7,241,322,107,310,220,13,361,205,187,205,160,100,34,"[0, 0, 0]"
298,865,4,SOUTH,368,2,2,2,2,2,2,2,2,2,2,2,2,2,2,2,2,2,2,2,2,2,34,2,10,2,10,2,34,30,106,100,34,72,114,94,78,98,2,"[0, 0, 1]"
299,867,4,SOUTH,373,1,1,1,1,1,1,1,1,1,1,1,1,1,1,1,1,1,1,1,1,1,1,1,1,1,1,1,1,1,1,1,85,361,465,505,329,487,63,"[0, 0, 1]"
300,868,4,SOUTH,259,8,8,8,8,8,8,8,8,8,8,8,8,8,8,8,8,8,8,8,8,8,8,8,8,8,8,293,632,696,952,1184,1008,1196,664,736,1208,700,304,"[0, 0, 1]"
301,869,4,SOUTH,260,2,2,2,2,2,2,2,2,2,2,2,2,2,2,2,2,2,2,2,2,2,2,2,2,2,2,272,146,104,152,218,128,212,92,134,55,164,38,"[0, 1, 1]"
302,870,4,SOUTH,261,13,13,13,13,13,13,13,13,13,13,13,13,13,13,13,13,13,13,13,13,13,13,13,13,13,13,13,13,13,1005,1513,1939,1819,1475,1411,1721,1929,371,"[0, 0, 1]"
303,886,4,SOUTH,279,4,4,4,4,4,4,4,4,4,4,4,4,4,4,4,4,4,4,4,4,4,184,4,4,4,4,152,214,760,562,286,754,772,130,670,568,301,34,"[0, 1, 1]"
304,887,4,SOUTH,280,13,13,13,13,13,13,13,13,13,13,13,13,13,13,13,13,13,13,13,13,13,149,81,13,13,13,349,113,297,261,283,305,94,289,141,309,37,173,"[1, 0, 1]"
305,888,4,SOUTH,281,19,19,19,19,19,19,19,19,19,19,19,19,19,19,19,19,19,19,19,19,19,19,19,19,19,19,223,143,231,197,283,80,289,173,211,227,151,91,"[1, 0, 1]"
306,889,4,SOUTH,282,8,8,8,8,8,8,8,8,8,8,8,8,8,8,8,8,8,8,104,57,198,170,131,86,8,71,30,16,114,112,208,114,42,102,70,136,90,22,"[1, 0, 0]"
307,890,4,SOUTH,375,12,12,12,12,12,12,12,12,12,12,12,12,12,12,12,12,12,12,12,12,12,52,40,26,12,34,36,40,20,32,40,24,74,14,20,22,48,24,"[0, 0, 0]"
308,891,4,SOUTH,284,4,4,4,4,4,4,4,4,4,4,4,4,4,4,4,4,4,4,4,4,4,42,94,88,4,114,80,48,120,26,192,106,116,116,102,114,16,4,"[2, 0, 0]"
309,892,4,SOUTH,285,17,17,17,17,17,17,17,17,17,17,17,17,17,17,17,17,17,17,88,27,87,37,25,45,17,25,27,24,40,22,36,29,22,24,30,40,22,17,"[0, 0, 0]"
310,893,4,SOUTH,377,7,7,7,7,7,7,7,7,7,7,7,7,7,7,7,7,7,7,7,7,7,7,31,7,7,7,7,7,7,7,33,11,43,47,14,49,47,7,"[2, 0, 1]"
311,895,4,SOUTH,421,10,10,10,10,10,10,10,10,10,10,10,10,10,10,10,10,10,10,10,10,10,10,14,11,10,24,14,20,19,14,15,22,41,25,26,21,17,15,"[0, 0, 1]"
312,896,4,SOUTH,101,11,11,11,11,11,11,11,11,11,11,11,11,11,11,11,11,11,11,11,11,11,11,11,11,11,11,11,91,11,259,59,479,395,651,51,84,219,19,"[2, 0, 0]"
313,897,4,SOUTH,102,4,4,4,4,4,4,4,4,4,4,4,4,4,4,4,4,4,4,4,4,4,4,4,4,4,4,4,4,4,25,28,49,14,161,163,154,130,58,"[0, 0, 1]"
314,919,4,SOUTH,424,20,20,20,20,20,20,20,20,20,20,20,20,20,20,20,20,20,20,20,20,20,20,20,20,20,20,20,20,76,56,32,44,80,64,36,29,28,20,"[0, 1, 0]"
315,920,4,SOUTH,425,4,4,4,4,4,4,4,4,4,4,4,4,4,4,4,4,4,4,4,4,4,4,4,4,4,4,4,4,4,4,19,22,46,25,19,121,13,28,"[2, 0, 1]"
316,921,4,SOUTH,426,8,8,8,8,8,8,8,8,8,8,8,8,8,8,8,8,8,8,8,8,8,8,8,28,8,8,8,8,64,44,36,64,72,36,44,20,48,8,"[0, 1, 1]"
317,927,4,SOUTH,338,9,9,9,9,9,9,9,9,9,9,9,9,9,9,9,9,9,9,9,9,9,9,9,9,9,9,9,9,9,9,9,9,9,9,9,27,309,9,"[0, 0, 0]"
318,940,4,SOUTH,344,4,4,4,4,4,4,4,4,4,4,4,4,4,4,4,4,4,4,4,4,4,4,4,4,4,4,4,4,4,4,4,4,308,308,45,316,100,36,"[1, 0, 0]"
319,945,4,SOUTH,384,16,16,16,16,16,16,16,16,16,16,16,16,16,16,16,16,16,16,16,141,48,16,108,144,16,138,16,48,76,54,64,58,106,95,134,28,83,16,"[0, 0, 0]"
320,946,4,SOUTH,430,11,11,11,11,11,11,11,11,11,11,11,11,11,11,11,11,11,11,11,11,89,155,116,149,11,167,48,119,83,29,110,95,11,59,149,89,11,11,"[0, 0, 0]"
321,947,4,SOUTH,431,18,18,18,18,18,18,18,18,18,18,18,18,18,18,18,18,18,18,18,18,18,134,330,102,18,374,91,242,242,50,130,194,130,58,234,254,98,18,"[0, 0, 0]"
322,948,4,SOUTH,432,7,7,7,7,7,7,7,7,7,7,7,7,7,7,7,7,7,7,7,7,7,7,7,7,7,7,33,27,27,35,15,45,45,37,43,9,37,7,"[1, 0, 1]"
323,960,4,SOUTH,156,16,16,16,16,16,16,16,16,16,16,16,16,16,16,16,16,16,16,16,16,16,16,16,16,16,16,16,16,16,16,16,16,16,16,20,28,17,16,"[0, 1, 0]"
324,966,4,SOUTH,162,2,2,2,2,2,2,2,2,2,2,2,2,2,2,2,2,2,2,2,2,2,2,2,2,2,2,2,2,2,2,2,2,2,2,2,62,59,6,"[0, 1, 0]"
325,967,4,SOUTH,163,17,17,17,17,17,17,17,17,17,17,17,17,17,17,17,17,17,17,17,17,17,17,17,17,17,17,17,17,17,17,17,17,17,17,17,17,18,29,"[0, 1, 0]"
326,968,4,SOUTH,164,11,11,11,11,11,11,11,11,11,11,11,11,11,11,11,11,11,11,11,11,11,11,11,11,11,11,11,11,11,11,11,11,11,11,11,11,11,19,"[0, 0, 0]"
327,973,4,SOUTH,169,8,8,8,8,8,8,8,8,8,8,8,8,8,8,8,8,8,8,8,8,8,8,8,8,8,8,8,8,8,8,8,11,44,16,19,27,15,12,"[2, 0, 1]"
328,974,4,SOUTH,170,19,19,19,19,19,19,19,19,19,19,19,19,19,19,19,19,19,19,19,19,19,19,19,19,19,19,19,19,19,19,19,29,31,95,39,93,25,19,"[0, 0, 0]"
329,975,4,SOUTH,171,8,8,8,8,8,8,8,8,8,8,8,8,8,8,8,8,8,8,8,8,8,8,8,8,8,8,8,8,8,8,8,8,8,24,9,17,19,8,"[2, 0, 1]"
330,976,4,SOUTH,172,11,11,11,11,11,11,11,11,11,11,11,11,11,11,11,11,11,11,11,11,11,11,11,11,11,11,11,11,11,11,11,11,11,11,11,11,11,11,"[0, 0, 0]"
331,978,4,SOUTH,174,17,17,17,17,17,17,17,17,17,17,17,17,17,17,17,17,17,17,17,17,17,17,17,17,17,17,17,17,17,17,17,17,17,17,17,17,17,17,"[0, 0, 0]"
332,979,4,SOUTH,175,2,2,2,2,2,2,2,2,2,2,2,2,2,2,2,2,2,2,2,2,2,2,2,2,2,2,2,2,2,2,2,26,5,2,10,18,26,2,"[2, 2, 1]"
333,980,4,SOUTH,176,6,6,6,6,6,6,6,6,6,6,6,6,6,6,6,6,6,6,6,6,6,6,6,6,6,6,6,6,6,6,6,6,6,6,6,18,6,6,"[0, 0, 0]"
334,981,4,SOUTH,177,7,7,7,7,7,7,7,7,7,7,7,7,7,7,7,7,7,7,7,7,7,7,7,7,7,7,7,7,7,7,7,7,7,7,7,14,13,7,"[0, 1, 0]"
335,982,4,SOUTH,178,8,8,8,8,8,8,8,8,8,8,8,8,8,8,8,8,8,8,8,8,8,8,8,8,8,8,8,8,8,8,8,8,8,8,232,24,124,8,"[0, 0, 0]"
336,983,4,SOUTH,179,17,17,17,17,17,17,17,17,17,17,17,17,17,17,17,17,17,17,17,17,17,17,17,17,17,17,17,17,17,17,17,17,17,17,26,85,101,49,"[0, 2, 0]"
337,984,4,SOUTH,180,2,2,2,2,2,2,2,2,2,2,2,2,2,2,2,2,2,2,2,2,2,2,2,2,2,2,10,2,2,2,10,2,2,2,2,10,2,2,"[0, 0, 0]"
338,986,4,SOUTH,183,11,11,11,11,11,11,11,11,11,11,11,11,11,11,11,11,11,11,11,11,11,11,11,11,11,11,23,11,11,11,23,11,11,11,11,23,11,11,"[0, 0, 0]"
339,987,4,SOUTH,184,8,8,8,8,8,8,8,8,8,8,8,8,8,8,8,8,8,8,14,10,8,10,8,8,8,10,10,8,8,8,8,8,8,8,8,8,8,8,"[0, 0, 0]"
340,992,4,SOUTH,193,19,19,19,19,19,19,19,19,19,19,19,19,19,19,19,19,19,19,19,19,19,31,19,19,19,31,49,67,43,19,19,31,31,31,25,25,55,19,"[0, 1, 0]"
341,996,4,SOUTH,200,8,8,8,8,8,8,8,8,8,8,8,8,8,8,8,8,8,8,8,8,8,8,8,8,8,8,8,8,8,8,8,48,55,37,14,33,42,14,"[2, 0, 1]"
342,997,4,SOUTH,201,7,7,7,7,7,7,7,7,7,7,7,7,7,7,7,7,7,7,7,7,7,7,7,7,7,7,7,7,7,7,7,115,25,17,118,22,61,25,"[2, 0, 1]"
343,998,4,SOUTH,202,8,8,8,8,8,8,8,8,8,8,8,8,8,8,8,8,8,8,8,8,8,8,8,8,8,8,8,8,8,8,8,30,11,39,17,13,29,14,"[2, 0, 1]"
344,1000,4,SOUTH,204,20,20,20,20,20,20,20,20,20,20,20,20,20,20,20,20,20,20,20,20,20,20,20,20,20,20,20,20,20,20,20,29,62,77,83,56,86,20,"[2, 0, 1]"
345,1001,4,SOUTH,314,11,11,11,11,11,11,11,11,11,11,11,11,11,11,11,11,11,11,11,11,11,11,11,11,11,11,11,11,11,11,11,101,24,41,116,101,53,29,"[0, 0, 1]"
346,1002,4,SOUTH,315,7,7,7,7,7,7,7,7,7,7,7,7,7,7,7,7,7,7,7,7,7,7,7,7,7,7,7,7,7,7,7,51,12,25,38,39,23,7,"[0, 1, 1]"
347,1003,4,SOUTH,316,17,17,17,17,17,17,17,17,17,17,17,17,17,17,17,17,17,17,17,17,17,17,17,17,17,17,17,17,17,17,17,17,17,17,17,17,18,17,"[0, 0, 0]"
348,1005,4,SOUTH,318,8,8,8,8,8,8,8,8,8,8,8,8,8,8,8,8,8,8,8,8,8,8,8,8,8,8,8,8,8,8,8,14,76,50,22,26,26,8,"[0, 1, 0]"
349,1006,4,SOUTH,319,9,9,9,9,9,9,9,9,9,9,9,9,9,9,9,9,9,9,9,9,9,48,117,33,9,33,99,93,105,126,138,117,183,63,156,81,72,21,"[1, 0, 1]"
350,1007,4,SOUTH,320,6,6,6,6,6,6,6,6,6,6,6,6,6,6,6,6,6,6,6,16,9,24,14,10,6,8,12,10,16,17,6,6,16,6,13,8,8,6,"[0, 0, 0]"
351,1008,4,SOUTH,321,6,6,6,6,6,6,6,6,6,6,6,6,6,6,6,6,6,6,6,102,26,30,78,6,6,14,38,30,38,22,54,30,70,26,42,54,6,22,"[0, 0, 0]"
352,1009,4,SOUTH,322,2,2,2,2,2,2,2,2,2,2,2,2,2,2,2,2,2,2,2,2,2,10,54,22,2,26,42,54,34,10,40,50,16,32,52,22,48,2,"[0, 0, 1]"
353,1015,4,SOUTH,433,7,7,7,7,7,7,7,7,7,7,7,7,7,7,7,7,7,7,7,7,7,7,7,7,7,7,7,7,7,7,7,7,7,7,7,7,7,7,"[0, 0, 0]"
354,1016,4,SOUTH,399,8,8,8,8,8,8,8,8,8,8,8,8,8,8,8,8,8,8,8,8,8,8,8,8,8,8,8,8,8,564,226,1360,472,1016,1384,872,600,360,"[1, 0, 1]"
355,1017,4,SOUTH,205,11,11,11,11,11,11,11,11,11,11,11,11,11,11,11,11,11,11,15,31,27,11,11,11,11,11,35,19,19,63,39,47,31,23,23,19,31,11,"[1, 0, 0]"
356,1019,4,SOUTH,434,12,12,12,12,12,12,12,12,12,12,12,12,12,12,12,12,12,12,12,12,12,12,12,12,12,12,12,12,18,15,12,12,12,12,12,12,12,12,"[0, 1, 0]"
357,1020,4,SOUTH,208,18,18,18,18,18,18,18,18,18,18,18,18,18,18,18,18,18,18,18,18,18,18,18,18,18,18,18,18,18,18,24,36,66,18,30,48,36,18,"[2, 0, 1]"
358,1022,4,SOUTH,212,8,8,8,8,8,8,8,8,8,8,8,8,8,8,8,8,8,8,8,8,8,8,8,8,8,8,8,14,20,20,14,32,14,8,32,8,8,8,"[0, 0, 0]"
359,1033,4,SOUTH,228,15,15,15,15,15,15,15,15,15,15,15,15,15,15,15,15,15,15,15,17,33,27,39,15,15,15,15,27,15,15,15,27,39,15,15,15,15,15,"[0, 0, 0]"
360,1034,4,SOUTH,229,7,7,7,7,7,7,7,7,7,7,7,7,7,7,7,7,7,7,7,7,107,103,71,35,7,7,7,103,74,167,455,215,135,239,295,7,7,135,"[0, 1, 0]"
