,Warehouse id,Region,SKU id,01-04-2018 00:00,01-05-2018 00:00,01-06-2018 00:00,01-07-2018 00:00,01-08-2018 00:00,01-09-2018 00:00,01-10-2018 00:00,01-11-2018 00:00,01-12-2018 00:00,01-01-2019 00:00,01-02-2019 00:00,01-03-2019 00:00,01-04-2019 00:00,01-05-2019 00:00,01-06-2019 00:00,01-07-2019 00:00,01-08-2019 00:00,01-09-2019 00:00,01-10-2019 00:00,01-11-2019 00:00,01-12-2019 00:00,01-01-2020 00:00,01-02-2020 00:00,01-03-2020 00:00,01-04-2020 00:00,01-05-2020 00:00,01-06-2020 00:00,01-07-2020 00:00,01-08-2020 00:00,01-09-2020 00:00,01-10-2020 00:00,01-11-2020 00:00,01-12-2020 00:00,01-01-2021 00:00,01-02-2021 00:00,01-03-2021 00:00,01-04-2021 00:00,01-05-2021 00:00
10,1,NORTH,11,5.0,5.0,5.0,5.0,5.0,5.0,5.0,5.0,5.0,5.0,5.0,5.0,5.0,5.0,5.0,5.0,5.0,5.0,5.0,5.0,5.0,5.0,5.0,5.0,5.0,5.0,5.0,5.0,55.0,143.0,37.0,97.0,65.0,141.6666667,105.0,107.6666667,45.0,67.0
14,1,NORTH,15,16.0,16.0,16.0,16.0,16.0,16.0,16.0,16.0,16.0,16.0,16.0,16.0,16.0,16.0,16.0,16.0,16.0,16.0,16.0,16.0,16.0,16.0,16.0,16.0,16.0,16.0,16.0,16.0,16.0,216.0,180.0,64.0,162.3333333,135.0,182.3333333,100.0,19.0,172.0
18,1,NORTH,19,16.0,16.0,16.0,16.0,16.0,16.0,16.0,16.0,16.0,16.0,16.0,16.0,16.0,16.0,16.0,16.0,16.0,16.0,16.0,16.0,16.0,16.0,16.0,16.0,16.0,16.0,52.0,60.0,22.0,16.0,22.0,16.0,40.0,22.0,16.0,60.0,16.0,28.0
19,1,NORTH,20,4.0,4.0,4.0,4.0,4.0,4.0,4.0,4.0,4.0,4.0,4.0,4.0,4.0,4.0,4.0,4.0,4.0,4.0,4.0,4.0,4.0,4.0,4.0,4.0,4.0,4.0,4.0,46.0,46.0,52.0,70.0,49.0,70.0,85.0,22.0,102.0,10.0,4.0
20,1,NORTH,21,20.0,20.0,20.0,20.0,20.0,20.0,20.0,20.0,20.0,20.0,20.0,20.0,20.0,20.0,20.0,20.0,20.0,20.0,20.0,20.0,20.0,20.0,20.0,20.0,20.0,20.0,36.0,108.0,112.0,60.0,76.0,84.0,206.6666667,164.0,177.3333333,136.0,164.0,124.0
21,1,NORTH,22,2.0,2.0,2.0,2.0,2.0,2.0,2.0,2.0,2.0,2.0,2.0,2.0,2.0,2.0,2.0,2.0,2.0,2.0,2.0,2.0,2.0,2.0,2.0,2.0,2.0,2.0,2.0,40.0,34.66666667,54.0,2.0,54.0,60.0,22.0,38.0,14.0,38.0,2.0
22,1,NORTH,23,3.0,3.0,3.0,3.0,3.0,3.0,3.0,3.0,3.0,3.0,3.0,3.0,3.0,3.0,3.0,3.0,3.0,3.0,3.0,3.0,3.0,3.0,3.0,3.0,3.0,3.0,3.0,53.66666667,27.0,35.0,51.0,75.0,160.3333333,51.0,87.0,123.0,3.0,19.0
23,1,NORTH,24,8.0,8.0,8.0,8.0,8.0,8.0,8.0,8.0,8.0,8.0,8.0,8.0,8.0,8.0,8.0,8.0,8.0,8.0,8.0,8.0,8.0,8.0,8.0,8.0,8.0,8.0,64.0,124.0,36.0,56.0,112.0,144.0,128.0,64.0,32.0,136.0,24.0,24.0
25,1,NORTH,26,18.0,18.0,18.0,18.0,18.0,18.0,18.0,18.0,18.0,18.0,18.0,18.0,18.0,18.0,18.0,18.0,18.0,18.0,18.0,18.0,18.0,18.0,18.0,18.0,18.0,18.0,30.0,147.0,132.0,60.0,144.0,186.0,162.0,186.0,141.0,151.0,18.0,48.0
26,1,NORTH,27,13.0,13.0,13.0,13.0,13.0,13.0,13.0,13.0,13.0,13.0,13.0,13.0,13.0,13.0,13.0,13.0,13.0,13.0,13.0,13.0,13.0,13.0,13.0,13.0,13.0,13.0,25.0,115.0,49.0,25.0,64.0,103.0,244.0,205.0,232.0,262.0,139.0,43.0
27,1,NORTH,28,11.0,11.0,11.0,11.0,11.0,11.0,11.0,11.0,11.0,11.0,11.0,11.0,11.0,11.0,11.0,11.0,11.0,11.0,11.0,11.0,11.0,11.0,11.0,11.0,11.0,11.0,11.0,29.0,19.0,43.0,33.0,23.0,47.0,53.33333333,48.0,49.0,29.0,11.0
28,1,NORTH,29,16.0,16.0,16.0,16.0,16.0,16.0,16.0,16.0,16.0,16.0,16.0,16.0,16.0,16.0,16.0,16.0,16.0,16.0,16.0,16.0,16.0,16.0,16.0,16.0,16.0,16.0,56.0,96.0,50.0,36.0,60.0,36.0,109.3333333,64.0,78.0,87.33333333,72.0,36.0
32,1,NORTH,33,14.0,14.0,14.0,14.0,14.0,14.0,14.0,14.0,14.0,14.0,14.0,14.0,14.0,14.0,14.0,14.0,14.0,14.0,14.0,14.0,14.0,14.0,14.0,14.0,14.0,14.0,18.0,72.0,40.0,42.0,140.6666667,154.0,144.6666667,86.0,77.0,160.0,108.0,30.0
34,1,NORTH,35,4.0,4.0,4.0,4.0,4.0,4.0,4.0,4.0,4.0,4.0,4.0,4.0,4.0,4.0,4.0,4.0,4.0,4.0,4.0,4.0,4.0,4.0,4.0,4.0,4.0,4.0,4.0,4.0,4.0,4.0,4.0,4.0,4.0,4.0,126.6666667,134.6666667,28.0,4.0
35,1,NORTH,36,2.0,2.0,2.0,2.0,2.0,2.0,2.0,2.0,2.0,2.0,2.0,2.0,2.0,2.0,2.0,2.0,2.0,2.0,2.0,2.0,2.0,2.0,2.0,144.0,2.0,54.0,154.0,292.0,330.0,314.0,750.0,538.0,722.6666667,790.0,478.0,568.0,282.0,306.0
40,1,NORTH,41,8.0,8.0,8.0,8.0,8.0,8.0,8.0,8.0,8.0,8.0,8.0,8.0,8.0,8.0,8.0,8.0,8.0,8.0,8.0,8.0,8.0,8.0,8.0,69.0,8.0,8.0,152.0,11.0,89.0,92.0,32.0,110.0,140.0,110.0,137.0,98.0,38.0,20.0
41,1,NORTH,42,6.0,6.0,6.0,6.0,6.0,6.0,6.0,6.0,6.0,6.0,6.0,6.0,6.0,6.0,6.0,6.0,6.0,6.0,6.0,6.0,6.0,6.0,6.0,42.0,6.0,6.0,90.0,116.0,101.3333333,30.0,106.0,84.0,6.0,54.0,142.0,116.6666667,6.0,126.0
42,1,NORTH,43,4.0,4.0,4.0,4.0,4.0,4.0,4.0,4.0,4.0,4.0,4.0,4.0,4.0,4.0,4.0,4.0,4.0,4.0,4.0,4.0,4.0,4.0,28.0,146.6666667,4.0,12.0,164.0,32.0,184.0,156.0,132.0,324.0,329.3333333,52.0,112.0,84.0,52.0,28.0
43,1,NORTH,44,14.0,14.0,14.0,14.0,14.0,14.0,14.0,14.0,14.0,14.0,14.0,14.0,14.0,14.0,14.0,14.0,14.0,14.0,14.0,14.0,14.0,14.0,14.0,34.0,14.0,22.0,174.0,46.0,168.6666667,198.0,198.0,198.0,98.0,14.0,222.0,238.0,46.0,142.0
53,1,NORTH,54,18.0,18.0,18.0,18.0,18.0,18.0,18.0,18.0,18.0,18.0,18.0,18.0,18.0,18.0,18.0,18.0,18.0,18.0,18.0,18.0,18.0,18.0,18.0,62.0,18.0,26.0,210.0,70.0,54.0,58.0,82.0,90.0,195.3333333,178.0,172.6666667,202.0,58.0,18.0
54,1,NORTH,55,15.0,15.0,15.0,15.0,15.0,15.0,15.0,15.0,15.0,15.0,15.0,15.0,15.0,15.0,15.0,15.0,15.0,15.0,15.0,15.0,15.0,15.0,15.0,227.0,15.0,23.0,55.0,69.0,117.0,83.0,283.0,113.0,279.6666667,189.0,97.0,235.6666667,251.0,95.0
55,1,NORTH,56,11.0,11.0,11.0,11.0,11.0,11.0,11.0,11.0,11.0,11.0,11.0,11.0,11.0,11.0,11.0,11.0,11.0,11.0,11.0,11.0,11.0,11.0,11.0,11.0,11.0,139.0,115.0,175.0,463.0,259.0,627.0,635.0,763.6666667,475.0,742.3333333,763.0,531.0,139.0
56,1,NORTH,57,17.0,17.0,17.0,17.0,17.0,17.0,17.0,17.0,17.0,17.0,17.0,17.0,17.0,17.0,17.0,17.0,17.0,17.0,17.0,17.0,17.0,17.0,25.0,111.6666667,17.0,17.0,49.0,17.0,49.0,77.0,241.0,41.0,229.0,145.0,205.6666667,89.0,33.0,25.0
57,1,NORTH,58,17.0,17.0,17.0,17.0,17.0,17.0,17.0,17.0,17.0,17.0,17.0,17.0,17.0,17.0,17.0,17.0,17.0,17.0,17.0,17.0,17.0,17.0,17.0,200.0,17.0,41.0,95.0,164.0,161.0,29.0,455.0,194.0,219.0,155.0,351.0,413.0,17.0,47.0
58,1,NORTH,59,13.0,13.0,13.0,13.0,13.0,13.0,13.0,13.0,13.0,13.0,13.0,13.0,13.0,13.0,13.0,13.0,13.0,13.0,13.0,13.0,13.0,13.0,13.0,294.3333333,13.0,29.0,133.0,221.0,401.0,213.0,609.0,93.0,541.0,277.0,441.0,421.0,133.0,109.0
61,1,NORTH,62,14.0,14.0,14.0,14.0,14.0,14.0,14.0,14.0,14.0,14.0,14.0,14.0,14.0,14.0,14.0,14.0,14.0,14.0,14.0,14.0,14.0,14.0,46.0,300.6666667,14.0,94.0,294.0,258.0,258.0,166.0,318.0,562.0,415.3333333,62.0,250.0,458.0,114.0,62.0
62,1,NORTH,63,16.0,16.0,16.0,16.0,16.0,16.0,16.0,16.0,16.0,16.0,16.0,16.0,16.0,16.0,16.0,16.0,16.0,16.0,16.0,16.0,16.0,16.0,22.0,76.33333333,16.0,18.0,36.0,30.0,73.0,16.0,46.0,30.0,66.0,47.0,28.0,56.33333333,42.0,32.0
65,1,NORTH,66,7.0,7.0,7.0,7.0,7.0,7.0,7.0,7.0,7.0,7.0,7.0,7.0,7.0,7.0,7.0,7.0,7.0,7.0,7.0,7.0,7.0,7.0,7.0,259.0,7.0,55.0,87.0,29.0,149.0,115.0,227.0,299.0,395.0,369.0,283.0,341.0,155.0,47.0
66,1,NORTH,67,7.0,7.0,7.0,7.0,7.0,7.0,7.0,7.0,7.0,7.0,7.0,7.0,7.0,7.0,7.0,7.0,7.0,7.0,7.0,7.0,20.0,37.0,7.0,35.0,7.0,17.0,7.0,56.0,22.0,49.0,83.0,64.0,133.0,161.0,52.0,118.0,57.0,27.0
67,1,NORTH,68,6.0,6.0,6.0,6.0,6.0,6.0,6.0,6.0,6.0,6.0,6.0,6.0,6.0,6.0,6.0,6.0,6.0,6.0,6.0,6.0,54.0,200.0,86.0,116.0,6.0,6.0,6.0,44.0,20.0,66.0,140.0,58.0,252.0,312.0,333.3333333,310.0,162.0,82.0
72,1,NORTH,73,17.0,17.0,17.0,17.0,17.0,17.0,17.0,17.0,17.0,17.0,17.0,17.0,17.0,17.0,17.0,17.0,17.0,17.0,17.0,483.6666667,649.0,513.0,177.0,321.0,17.0,17.0,17.0,45.0,101.0,17.0,93.0,73.0,337.0,145.0,345.0,185.0,41.0,41.0
73,1,NORTH,74,2.0,2.0,2.0,2.0,2.0,2.0,2.0,2.0,2.0,2.0,2.0,2.0,2.0,2.0,2.0,2.0,2.0,2.0,2.0,2.0,2.0,2.0,2.0,2.0,2.0,2.0,2.0,162.0,2.0,2.0,111.3333333,210.0,210.0,210.0,179.3333333,2.0,2.0,2.0
74,1,NORTH,75,16.0,16.0,16.0,16.0,16.0,16.0,16.0,16.0,16.0,16.0,16.0,16.0,16.0,16.0,16.0,16.0,16.0,16.0,16.0,338.0,386.0,160.0,224.0,152.0,16.0,24.0,16.0,20.0,34.0,28.0,44.0,56.0,160.0,72.0,214.0,72.0,52.0,32.0
75,1,NORTH,76,20.0,20.0,20.0,20.0,20.0,20.0,20.0,20.0,20.0,20.0,20.0,20.0,20.0,20.0,20.0,20.0,20.0,20.0,20.0,20.0,20.0,20.0,20.0,20.0,20.0,20.0,20.0,20.0,20.0,20.0,20.0,20.0,20.0,20.0,20.0,32.66666667,20.0,46.0
82,1,NORTH,83,5.0,5.0,5.0,5.0,5.0,5.0,5.0,5.0,5.0,5.0,5.0,5.0,5.0,5.0,5.0,5.0,5.0,5.0,5.0,5.0,5.0,5.0,5.0,25.0,5.0,5.0,5.0,5.0,13.0,105.0,5.0,5.0,5.0,105.0,177.0,143.6666667,5.0,5.0
83,1,NORTH,84,16.0,16.0,16.0,16.0,16.0,16.0,16.0,16.0,16.0,16.0,16.0,16.0,16.0,16.0,16.0,16.0,16.0,16.0,60.0,16.0,40.0,16.0,56.0,24.0,16.0,16.0,32.0,4734.666667,4632.0,1068.0,76.0,136.0,2509.333333,1072.0,5396.0,4956.0,280.0,32.0
84,1,NORTH,85,3.0,3.0,3.0,3.0,3.0,3.0,3.0,3.0,3.0,3.0,3.0,3.0,3.0,3.0,3.0,3.0,3.0,3.0,3.0,3.0,3.0,3.0,3.0,3.0,3.0,3.0,3.0,3.0,3.0,3.0,491.0,3.0,3.0,867.0,3579.0,3291.0,3.0,3.0
86,1,NORTH,87,7.0,7.0,7.0,7.0,7.0,7.0,7.0,7.0,7.0,7.0,7.0,7.0,7.0,7.0,7.0,7.0,7.0,7.0,7.0,7.0,7.0,7.0,7.0,7.0,7.0,7.0,7.0,7.0,7.0,7.0,7.0,7.0,7.0,7.0,7.0,11.0,7.0,7.0
100,1,NORTH,101,14.0,14.0,14.0,14.0,14.0,14.0,14.0,14.0,14.0,14.0,14.0,14.0,14.0,14.0,14.0,14.0,14.0,14.0,14.0,14.0,14.0,14.0,14.0,14.0,14.0,14.0,14.0,14.66666667,14.0,14.0,130.0,76.0,152.0,58.0,14.0,154.6666667,120.0,14.0
101,1,NORTH,102,16.0,16.0,16.0,16.0,16.0,16.0,16.0,16.0,16.0,16.0,16.0,16.0,16.0,16.0,16.0,16.0,16.0,16.0,16.0,16.0,16.0,16.0,16.0,16.0,16.0,16.0,16.0,16.0,16.0,16.0,121.0,23.0,16.0,125.0,104.3333333,127.0,82.66666667,25.0
117,1,NORTH,118,2.0,2.0,2.0,2.0,2.0,2.0,2.0,2.0,2.0,2.0,2.0,2.0,2.0,2.0,2.0,2.0,2.0,2.0,2.0,2.0,2.0,2.0,2.0,2.0,2.0,2.0,2.0,4.666666667,2.0,2.0,2.0,2.0,2.0,2.0,2.0,2.0,5.333333333,2.0
155,1,NORTH,156,20.0,20.0,20.0,20.0,20.0,20.0,20.0,20.0,20.0,20.0,20.0,20.0,20.0,20.0,20.0,20.0,20.0,20.0,20.0,20.0,20.0,20.0,20.0,20.0,20.0,20.0,20.0,20.0,20.0,20.0,20.0,20.0,20.0,20.0,40.0,40.0,20.0,20.0
161,1,NORTH,162,4.0,4.0,4.0,4.0,4.0,4.0,4.0,4.0,4.0,4.0,4.0,4.0,4.0,4.0,4.0,4.0,4.0,4.0,4.0,4.0,4.0,4.0,4.0,4.0,4.0,4.0,4.0,4.0,4.0,4.0,4.0,4.0,4.0,4.0,4.0,63.0,85.0,75.0
162,1,NORTH,163,16.0,16.0,16.0,16.0,16.0,16.0,16.0,16.0,16.0,16.0,16.0,16.0,16.0,16.0,16.0,16.0,16.0,16.0,16.0,16.0,16.0,16.0,16.0,16.0,16.0,16.0,16.0,16.0,16.0,16.0,16.0,16.0,16.0,16.0,16.0,76.0,76.0,16.0
163,1,NORTH,164,5.0,5.0,5.0,5.0,5.0,5.0,5.0,5.0,5.0,5.0,5.0,5.0,5.0,5.0,5.0,5.0,5.0,5.0,5.0,5.0,5.0,5.0,5.0,5.0,5.0,5.0,5.0,5.0,5.0,5.0,5.0,5.0,5.0,5.0,5.0,52.0,68.0,64.0
168,1,NORTH,169,4.0,4.0,4.0,4.0,4.0,4.0,4.0,4.0,4.0,4.0,4.0,4.0,4.0,4.0,4.0,4.0,4.0,4.0,4.0,4.0,4.0,4.0,4.0,4.0,4.0,4.0,4.0,4.0,4.0,4.0,4.0,12.0,67.0,54.0,114.0,102.6666667,20.0,4.0
169,1,NORTH,170,7.0,7.0,7.0,7.0,7.0,7.0,7.0,7.0,7.0,7.0,7.0,7.0,7.0,7.0,7.0,7.0,7.0,7.0,7.0,7.0,7.0,7.0,7.0,7.0,7.0,7.0,7.0,7.0,7.0,7.0,7.0,23.0,63.0,99.0,217.0,193.0,27.0,15.0
170,1,NORTH,171,15.0,15.0,15.0,15.0,15.0,15.0,15.0,15.0,15.0,15.0,15.0,15.0,15.0,15.0,15.0,15.0,15.0,15.0,15.0,15.0,15.0,15.0,15.0,15.0,15.0,15.0,15.0,15.0,15.0,15.0,15.0,15.0,264.0,214.0,270.0,264.0,66.0,81.0
171,1,NORTH,172,16.0,16.0,16.0,16.0,16.0,16.0,16.0,16.0,16.0,16.0,16.0,16.0,16.0,16.0,16.0,16.0,16.0,16.0,16.0,16.0,16.0,16.0,16.0,16.0,16.0,16.0,16.0,16.0,16.0,16.0,16.0,16.0,16.0,16.0,16.0,16.0,16.0,16.0
173,1,NORTH,174,9.0,9.0,9.0,9.0,9.0,9.0,9.0,9.0,9.0,9.0,9.0,9.0,9.0,9.0,9.0,9.0,9.0,9.0,9.0,9.0,9.0,9.0,9.0,9.0,9.0,9.0,9.0,9.0,9.0,9.0,9.0,39.66666667,33.0,25.0,29.0,9.0,9.0,25.0
174,1,NORTH,175,1.0,1.0,1.0,1.0,1.0,1.0,1.0,1.0,1.0,1.0,1.0,1.0,1.0,1.0,1.0,1.0,1.0,1.0,1.0,1.0,1.0,1.0,1.0,1.0,1.0,1.0,1.0,1.0,1.0,1.0,1.0,1.0,21.0,9.0,14.33333333,1.0,1.0,1.0
175,1,NORTH,176,1.0,1.0,1.0,1.0,1.0,1.0,1.0,1.0,1.0,1.0,1.0,1.0,1.0,1.0,1.0,1.0,1.0,1.0,1.0,1.0,1.0,1.0,1.0,1.0,1.0,1.0,1.0,1.0,1.0,1.0,1.0,1.0,1.0,1.0,1.0,1.0,1.0,1.0
176,1,NORTH,177,12.0,12.0,12.0,12.0,12.0,12.0,12.0,12.0,12.0,12.0,12.0,12.0,12.0,12.0,12.0,12.0,12.0,12.0,12.0,12.0,12.0,12.0,12.0,12.0,12.0,12.0,12.0,12.0,12.0,60.0,12.0,12.0,56.0,92.0,88.0,92.0,12.0,12.0
177,1,NORTH,178,11.0,11.0,11.0,11.0,11.0,11.0,11.0,11.0,11.0,11.0,11.0,11.0,11.0,11.0,11.0,11.0,11.0,11.0,11.0,11.0,11.0,11.0,11.0,11.0,11.0,11.0,11.0,11.0,11.0,11.0,11.0,11.0,11.0,11.0,228.0,234.0,29.0,101.0
178,1,NORTH,179,15.0,15.0,15.0,15.0,15.0,15.0,15.0,15.0,15.0,15.0,15.0,15.0,15.0,15.0,15.0,15.0,15.0,15.0,15.0,15.0,15.0,15.0,15.0,15.0,15.0,15.0,15.0,15.0,15.0,15.0,15.0,15.0,25.0,15.0,115.0,120.3333333,31.0,19.0
179,1,NORTH,180,2.0,2.0,2.0,2.0,2.0,2.0,2.0,2.0,2.0,2.0,2.0,2.0,2.0,2.0,2.0,2.0,2.0,2.0,2.0,2.0,2.0,10.0,2.0,2.0,2.0,2.0,2.0,2.0,14.0,14.0,2.0,2.0,2.0,14.0,2.0,2.0,2.0,2.0
180,1,NORTH,181,8.0,8.0,8.0,8.0,8.0,8.0,8.0,8.0,8.0,8.0,8.0,8.0,8.0,8.0,8.0,8.0,8.0,8.0,8.0,8.0,8.0,8.0,8.0,8.0,8.0,8.0,8.0,8.0,13.33333333,8.0,8.0,8.0,8.0,8.0,8.0,18.66666667,8.0,8.0
182,1,NORTH,183,8.0,8.0,8.0,8.0,8.0,8.0,8.0,8.0,8.0,8.0,8.0,8.0,8.0,8.0,8.0,8.0,8.0,8.0,8.0,8.0,8.0,40.0,8.0,12.0,8.0,8.0,20.0,8.0,40.0,8.0,8.0,8.0,8.0,24.0,40.0,8.0,8.0,8.0
183,1,NORTH,184,17.0,17.0,17.0,17.0,17.0,17.0,17.0,17.0,17.0,17.0,17.0,17.0,17.0,17.0,17.0,17.0,17.0,17.0,17.0,17.0,17.0,17.0,17.0,17.0,17.0,17.0,21.0,17.0,31.0,17.0,17.0,17.0,17.0,17.0,17.0,23.0,17.0,17.0
186,1,NORTH,187,4.0,4.0,4.0,4.0,4.0,4.0,4.0,4.0,4.0,4.0,4.0,4.0,4.0,4.0,4.0,4.0,4.0,4.0,4.0,4.0,4.0,4.0,4.0,4.0,4.0,4.0,5.0,4.0,4.0,4.0,4.0,4.0,4.0,4.0,4.0,4.0,4.0,4.0
187,1,NORTH,188,5.0,5.0,5.0,5.0,5.0,5.0,5.0,5.0,5.0,5.0,5.0,5.0,5.0,5.0,5.0,5.0,5.0,5.0,5.0,21.0,47.0,39.66666667,5.0,5.0,5.0,5.0,45.0,5.0,5.0,31.0,53.0,37.0,33.0,29.0,37.0,58.0,37.0,34.66666667
188,1,NORTH,189,8.0,8.0,8.0,8.0,8.0,8.0,8.0,8.0,8.0,8.0,8.0,8.0,8.0,8.0,8.0,8.0,8.0,8.0,8.0,44.0,110.0,95.0,11.0,17.0,8.0,8.0,32.0,86.0,44.0,104.0,62.0,104.0,131.0,56.0,98.0,140.0,26.0,32.0
190,1,NORTH,191,12.0,12.0,12.0,12.0,12.0,12.0,12.0,12.0,12.0,12.0,12.0,12.0,12.0,12.0,12.0,12.0,12.0,12.0,12.0,48.0,12.0,30.0,12.0,48.0,12.0,12.0,12.0,21.0,21.0,21.0,30.0,30.0,30.0,12.0,30.0,33.0,12.0,45.0
191,1,NORTH,192,15.0,15.0,15.0,15.0,15.0,15.0,15.0,15.0,15.0,15.0,15.0,15.0,15.0,15.0,15.0,15.0,15.0,15.0,15.0,47.0,49.66666667,39.0,21.0,49.0,15.0,15.0,26.33333333,39.0,15.0,31.0,15.0,15.0,43.0,15.0,15.0,15.0,31.0,31.0
192,1,NORTH,193,3.0,3.0,3.0,3.0,3.0,3.0,3.0,3.0,3.0,3.0,3.0,3.0,3.0,3.0,3.0,3.0,3.0,3.0,3.0,15.0,17.0,31.0,3.0,13.0,3.0,3.0,7.0,3.0,5.0,27.0,3.0,23.0,31.0,15.0,23.66666667,24.33333333,17.0,19.0
194,1,NORTH,195,14.0,14.0,14.0,14.0,14.0,14.0,14.0,14.0,14.0,14.0,14.0,14.0,14.0,14.0,14.0,14.0,14.0,14.0,14.0,14.0,14.0,14.0,31.33333333,30.0,14.0,14.0,26.66666667,22.0,32.0,22.0,14.0,18.0,22.0,30.0,26.0,34.0,14.0,14.0
196,1,NORTH,197,18.0,18.0,18.0,18.0,18.0,18.0,18.0,18.0,18.0,18.0,18.0,18.0,18.0,18.0,18.0,18.0,18.0,18.0,18.0,18.0,154.0,138.0,50.0,42.0,18.0,42.0,114.0,70.0,18.0,74.0,146.0,18.0,130.0,122.0,66.0,111.3333333,66.0,82.0
197,1,NORTH,198,14.0,14.0,14.0,14.0,14.0,14.0,14.0,14.0,14.0,14.0,14.0,14.0,14.0,14.0,14.0,14.0,14.0,14.0,14.0,68.0,176.0,134.0,44.0,104.0,14.0,38.0,131.0,74.0,74.0,134.0,50.0,128.0,194.0,14.0,248.0,258.0,44.0,62.0
199,1,NORTH,200,18.0,18.0,18.0,18.0,18.0,18.0,18.0,18.0,18.0,18.0,18.0,18.0,18.0,18.0,18.0,18.0,18.0,18.0,18.0,18.0,18.0,18.0,18.0,18.0,18.0,18.0,18.0,18.0,18.0,18.0,18.0,18.0,126.0,54.0,180.0,192.6666667,92.0,18.0
200,1,NORTH,201,16.0,16.0,16.0,16.0,16.0,16.0,16.0,16.0,16.0,16.0,16.0,16.0,16.0,16.0,16.0,16.0,16.0,16.0,16.0,16.0,16.0,16.0,16.0,16.0,16.0,16.0,16.0,16.0,16.0,16.0,16.0,16.0,16.0,34.0,86.66666667,88.66666667,40.0,16.0
201,1,NORTH,202,15.0,15.0,15.0,15.0,15.0,15.0,15.0,15.0,15.0,15.0,15.0,15.0,15.0,15.0,15.0,15.0,15.0,15.0,15.0,15.0,15.0,15.0,15.0,15.0,15.0,15.0,15.0,15.0,15.0,15.0,15.0,15.0,105.0,30.0,227.0,247.0,90.0,45.0
203,1,NORTH,204,12.0,12.0,12.0,12.0,12.0,12.0,12.0,12.0,12.0,12.0,12.0,12.0,12.0,12.0,12.0,12.0,12.0,12.0,12.0,12.0,12.0,12.0,12.0,12.0,12.0,12.0,12.0,12.0,12.0,12.0,22.0,46.0,50.33333333,31.0,70.0,146.6666667,27.0,22.0
204,1,NORTH,205,6.0,6.0,6.0,6.0,6.0,6.0,6.0,6.0,6.0,6.0,6.0,6.0,6.0,6.0,6.0,6.0,6.0,6.0,6.0,234.0,254.0,90.0,81.0,228.0,6.0,105.0,174.0,330.0,150.0,168.0,126.0,114.0,233.0,102.0,282.0,228.0,60.0,234.0
206,1,NORTH,207,3.0,3.0,3.0,3.0,3.0,3.0,3.0,3.0,3.0,3.0,3.0,3.0,3.0,3.0,3.0,3.0,3.0,3.0,3.0,93.0,3.0,183.0,93.0,193.0,3.0,3.0,153.0,237.0,93.0,159.0,79.0,45.0,219.0,9.0,153.0,157.0,21.0,69.0
207,1,NORTH,208,12.0,12.0,12.0,12.0,12.0,12.0,12.0,12.0,12.0,12.0,12.0,12.0,12.0,12.0,12.0,12.0,12.0,12.0,12.0,12.0,12.0,12.0,12.0,12.0,12.0,12.0,12.0,12.0,12.0,12.0,12.0,12.0,12.0,12.0,12.0,78.66666667,78.66666667,12.0
208,1,NORTH,209,18.0,18.0,18.0,18.0,18.0,18.0,18.0,18.0,18.0,18.0,18.0,18.0,18.0,18.0,18.0,18.0,18.0,18.0,18.0,18.0,18.0,18.0,18.0,18.0,18.0,18.0,138.0,360.0,486.0,546.0,372.0,318.0,537.0,186.0,552.0,424.0,18.0,240.0
209,1,NORTH,210,17.0,17.0,17.0,17.0,17.0,17.0,17.0,17.0,17.0,17.0,17.0,17.0,17.0,17.0,17.0,17.0,17.0,17.0,17.0,293.0,347.0,113.0,17.0,167.0,17.0,95.0,167.0,143.0,221.0,341.0,251.0,83.0,217.0,107.0,359.0,251.0,227.0,125.0
212,1,NORTH,213,16.0,16.0,16.0,16.0,16.0,16.0,16.0,16.0,16.0,16.0,16.0,16.0,16.0,16.0,16.0,16.0,16.0,16.0,16.0,16.0,16.0,16.0,16.0,16.0,16.0,26.66666667,16.0,256.0,16.0,16.0,16.0,16.0,16.0,16.0,16.0,16.0,16.0,16.0
226,1,NORTH,227,17.0,17.0,17.0,17.0,17.0,17.0,17.0,17.0,17.0,17.0,17.0,17.0,17.0,17.0,17.0,17.0,17.0,17.0,17.0,17.0,17.0,17.0,17.0,17.0,17.0,17.0,49.0,39.66666667,49.0,49.0,17.0,17.0,38.33333333,17.0,49.0,17.0,17.0,17.0
227,1,NORTH,228,17.0,17.0,17.0,17.0,17.0,17.0,17.0,17.0,17.0,17.0,17.0,17.0,17.0,17.0,17.0,17.0,17.0,17.0,17.0,17.0,17.0,17.0,17.0,17.0,17.0,17.0,53.0,17.0,53.0,77.0,17.0,89.0,173.0,89.0,17.0,17.0,17.0,17.0
228,1,NORTH,229,4.0,4.0,4.0,4.0,4.0,4.0,4.0,4.0,4.0,4.0,4.0,4.0,4.0,4.0,4.0,4.0,4.0,4.0,4.0,4.0,4.0,4.0,4.0,20.0,4.0,4.0,84.0,52.0,116.0,190.0,102.0,250.0,321.3333333,316.0,4.0,96.0,132.0,4.0
240,2,EAST,403,6.0,6.0,6.0,6.0,6.0,6.0,6.0,6.0,6.0,6.0,6.0,6.0,6.0,6.0,6.0,6.0,6.0,6.0,6.0,6.0,6.0,66.0,30.0,42.0,6.0,6.0,6.0,6.0,72.0,6.0,6.0,6.0,82.0,42.0,36.0,78.0,70.0,6.0
247,2,EAST,20,4.0,4.0,4.0,4.0,4.0,4.0,4.0,4.0,4.0,4.0,4.0,4.0,4.0,4.0,4.0,4.0,4.0,4.0,4.0,4.0,4.0,4.0,4.0,4.0,4.0,4.0,4.0,92.0,84.0,12.0,28.0,4.0,20.0,4.0,101.3333333,102.6666667,8.0,4.0
248,2,EAST,352,10.0,10.0,10.0,10.0,10.0,10.0,10.0,10.0,10.0,10.0,10.0,10.0,10.0,10.0,10.0,10.0,10.0,10.0,10.0,10.0,10.0,10.0,10.0,10.0,10.0,10.0,64.0,22.0,44.0,10.0,28.0,10.0,22.0,10.0,70.0,88.0,82.0,10.0
249,2,EAST,21,7.0,7.0,7.0,7.0,7.0,7.0,7.0,7.0,7.0,7.0,7.0,7.0,7.0,7.0,7.0,7.0,7.0,7.0,7.0,7.0,7.0,7.0,7.0,7.0,7.0,7.0,23.0,87.0,87.0,7.0,31.0,15.0,143.0,108.3333333,119.0,143.0,103.0,127.0
250,2,EAST,22,19.0,19.0,19.0,19.0,19.0,19.0,19.0,19.0,19.0,19.0,19.0,19.0,19.0,19.0,19.0,19.0,19.0,19.0,19.0,19.0,19.0,19.0,19.0,19.0,19.0,19.0,19.0,39.0,63.0,44.33333333,23.0,23.0,71.0,23.0,31.0,69.66666667,59.0,27.0
251,2,EAST,23,1.0,1.0,1.0,1.0,1.0,1.0,1.0,1.0,1.0,1.0,1.0,1.0,1.0,1.0,1.0,1.0,1.0,1.0,1.0,1.0,1.0,1.0,1.0,1.0,1.0,1.0,1.0,1.0,25.0,7.0,1.0,7.0,27.0,31.0,67.0,37.0,31.0,13.0
252,2,EAST,24,6.0,6.0,6.0,6.0,6.0,6.0,6.0,6.0,6.0,6.0,6.0,6.0,6.0,6.0,6.0,6.0,6.0,6.0,6.0,6.0,6.0,6.0,6.0,6.0,6.0,6.0,134.0,126.0,94.0,74.0,14.0,46.0,142.0,30.0,150.0,179.3333333,131.3333333,6.0
254,2,EAST,26,6.0,6.0,6.0,6.0,6.0,6.0,6.0,6.0,6.0,6.0,6.0,6.0,6.0,6.0,6.0,6.0,6.0,6.0,6.0,6.0,6.0,6.0,6.0,6.0,6.0,6.0,6.0,6.0,60.0,60.0,56.0,6.0,18.0,66.0,6.0,66.0,36.0,24.0
255,2,EAST,27,3.0,3.0,3.0,3.0,3.0,3.0,3.0,3.0,3.0,3.0,3.0,3.0,3.0,3.0,3.0,3.0,3.0,3.0,3.0,3.0,3.0,3.0,3.0,3.0,3.0,3.0,3.0,43.0,31.0,3.0,31.0,7.0,43.0,7.0,50.33333333,62.33333333,43.0,35.0
256,2,EAST,28,5.0,5.0,5.0,5.0,5.0,5.0,5.0,5.0,5.0,5.0,5.0,5.0,5.0,5.0,5.0,5.0,5.0,5.0,5.0,5.0,5.0,5.0,5.0,5.0,5.0,5.0,5.0,41.0,59.0,35.0,11.0,11.0,47.0,41.0,77.0,83.0,77.0,5.0
257,2,EAST,29,5.0,5.0,5.0,5.0,5.0,5.0,5.0,5.0,5.0,5.0,5.0,5.0,5.0,5.0,5.0,5.0,5.0,5.0,5.0,5.0,5.0,5.0,5.0,5.0,5.0,5.0,24.33333333,21.0,29.0,19.0,23.0,7.0,27.0,25.0,29.0,50.33333333,33.0,17.0
261,2,EAST,33,13.0,13.0,13.0,13.0,13.0,13.0,13.0,13.0,13.0,13.0,13.0,13.0,13.0,13.0,13.0,13.0,13.0,13.0,13.0,13.0,13.0,13.0,13.0,13.0,13.0,13.0,13.0,21.0,61.0,55.0,29.0,17.0,61.0,53.0,95.0,108.3333333,93.0,37.0
266,2,EAST,36,5.0,5.0,5.0,5.0,5.0,5.0,5.0,5.0,5.0,5.0,5.0,5.0,5.0,5.0,5.0,5.0,5.0,5.0,5.0,5.0,5.0,5.0,5.0,5.0,5.0,125.0,143.6666667,5.0,133.0,61.0,85.0,37.0,13.0,125.0,141.0,117.0,125.0,149.0
270,2,EAST,41,10.0,10.0,10.0,10.0,10.0,10.0,10.0,10.0,10.0,10.0,10.0,10.0,10.0,10.0,10.0,10.0,10.0,10.0,10.0,10.0,10.0,10.0,10.0,10.0,10.0,166.0,208.0,130.0,10.0,10.0,142.0,40.0,70.0,112.0,166.0,216.0,112.0,264.0
271,2,EAST,44,15.0,15.0,15.0,15.0,15.0,15.0,15.0,15.0,15.0,15.0,15.0,15.0,15.0,15.0,15.0,15.0,15.0,15.0,15.0,15.0,15.0,15.0,15.0,15.0,15.0,45.0,55.0,21.0,27.0,15.0,15.0,33.0,33.0,15.0,81.0,99.0,75.0,33.0
277,2,EAST,56,16.0,16.0,16.0,16.0,16.0,16.0,16.0,16.0,16.0,16.0,16.0,16.0,16.0,16.0,16.0,16.0,16.0,16.0,16.0,16.0,16.0,16.0,16.0,16.0,16.0,104.0,272.0,216.0,144.0,108.0,224.0,120.0,256.0,40.0,232.0,304.0,277.3333333,176.0
278,2,EAST,57,15.0,15.0,15.0,15.0,15.0,15.0,15.0,15.0,15.0,15.0,15.0,15.0,15.0,15.0,15.0,15.0,15.0,15.0,15.0,15.0,15.0,15.0,15.0,39.0,15.0,123.0,121.0,87.0,51.0,75.0,15.0,45.0,103.0,39.0,51.0,99.0,87.0,15.0
279,2,EAST,59,5.0,5.0,5.0,5.0,5.0,5.0,5.0,5.0,5.0,5.0,5.0,5.0,5.0,5.0,5.0,5.0,5.0,5.0,5.0,5.0,5.0,5.0,5.0,5.0,5.0,5.0,13.0,5.0,5.0,5.0,5.0,5.0,5.0,11.0,11.0,21.66666667,5.0,5.0
280,2,EAST,62,12.0,12.0,12.0,12.0,12.0,12.0,12.0,12.0,12.0,12.0,12.0,12.0,12.0,12.0,12.0,12.0,12.0,12.0,12.0,12.0,12.0,30.0,42.0,24.0,12.0,102.0,112.0,66.0,42.0,30.0,30.0,24.0,24.0,36.0,54.0,116.0,108.0,12.0
281,2,EAST,66,3.0,3.0,3.0,3.0,3.0,3.0,3.0,3.0,3.0,3.0,3.0,3.0,3.0,3.0,3.0,3.0,3.0,3.0,3.0,3.0,3.0,3.0,3.0,3.0,3.0,3.0,3.0,27.0,179.0,3.0,35.0,115.0,371.0,99.0,363.0,467.0,872.3333333,872.3333333
282,2,EAST,67,6.0,6.0,6.0,6.0,6.0,6.0,6.0,6.0,6.0,6.0,6.0,6.0,6.0,6.0,6.0,6.0,6.0,6.0,6.0,6.0,6.0,42.0,12.0,6.0,6.0,6.0,6.0,6.0,6.0,6.0,6.0,24.0,78.0,102.0,276.0,420.0,156.0,336.0
283,2,EAST,244,16.0,16.0,16.0,16.0,16.0,16.0,16.0,16.0,16.0,16.0,16.0,16.0,16.0,16.0,16.0,16.0,16.0,16.0,16.0,16.0,16.0,142.0,16.0,46.0,16.0,90.0,16.0,94.0,106.0,106.0,58.0,40.0,118.0,88.0,88.0,76.0,16.0,16.0
288,2,EAST,73,19.0,19.0,19.0,19.0,19.0,19.0,19.0,19.0,19.0,19.0,19.0,19.0,19.0,19.0,19.0,19.0,19.0,19.0,19.0,43.0,77.0,39.0,47.0,63.0,19.0,105.6666667,111.0,35.0,87.0,75.0,61.0,29.0,119.0,27.0,85.0,21.0,31.0,45.0
290,2,EAST,76,12.0,12.0,12.0,12.0,12.0,12.0,12.0,12.0,12.0,12.0,12.0,12.0,12.0,12.0,12.0,12.0,12.0,12.0,12.0,12.0,12.0,12.0,12.0,12.0,12.0,12.0,12.0,12.0,12.0,12.0,12.0,12.0,12.0,12.0,12.0,691.0,779.0,276.0
299,2,EAST,84,4.0,4.0,4.0,4.0,4.0,4.0,4.0,4.0,4.0,4.0,4.0,4.0,4.0,4.0,4.0,4.0,4.0,4.0,4.0,4.0,4.0,4.0,4.0,4.0,4.0,4.0,8.0,8.0,32.0,4.0,28.0,4.0,4.0,24.0,24.0,234.6666667,270.6666667,132.0
302,2,EAST,87,13.0,13.0,13.0,13.0,13.0,13.0,13.0,13.0,13.0,13.0,13.0,13.0,13.0,13.0,13.0,13.0,13.0,13.0,13.0,13.0,13.0,13.0,13.0,13.0,13.0,13.0,13.0,13.0,13.0,13.0,13.0,13.0,13.0,13.0,13.0,234.0,234.0,13.0
314,2,EAST,259,19.0,19.0,19.0,19.0,19.0,19.0,19.0,19.0,19.0,19.0,19.0,19.0,19.0,19.0,19.0,19.0,19.0,19.0,19.0,19.0,19.0,19.0,19.0,19.0,19.0,139.0,475.0,235.0,151.0,119.0,79.0,39.0,236.3333333,95.0,251.0,435.0,19.0,329.6666667
315,2,EAST,260,10.0,10.0,10.0,10.0,10.0,10.0,10.0,10.0,10.0,10.0,10.0,10.0,10.0,10.0,10.0,10.0,10.0,10.0,10.0,10.0,10.0,10.0,10.0,10.0,10.0,90.0,154.0,122.0,90.0,98.0,30.0,34.0,115.3333333,42.0,122.0,144.6666667,102.0,22.0
316,2,EAST,261,20.0,20.0,20.0,20.0,20.0,20.0,20.0,20.0,20.0,20.0,20.0,20.0,20.0,20.0,20.0,20.0,20.0,20.0,20.0,20.0,20.0,20.0,20.0,20.0,20.0,20.0,20.0,20.0,20.0,28.0,216.0,336.0,697.3333333,628.0,689.3333333,420.0,788.0,388.0
317,2,EAST,262,6.0,6.0,6.0,6.0,6.0,6.0,6.0,6.0,6.0,6.0,6.0,6.0,6.0,6.0,6.0,6.0,6.0,6.0,6.0,6.0,6.0,6.0,6.0,6.0,6.0,6.0,6.0,42.0,50.0,30.0,6.0,22.0,44.66666667,34.0,60.0,72.66666667,6.0,14.0
335,2,EAST,110,12.0,12.0,12.0,12.0,12.0,12.0,12.0,12.0,12.0,12.0,12.0,12.0,12.0,12.0,12.0,12.0,12.0,12.0,12.0,12.0,12.0,12.0,12.0,12.0,12.0,12.0,12.0,12.0,12.0,12.0,12.0,12.0,12.0,12.0,12.0,12.0,13.33333333,12.0
342,2,EAST,117,16.0,16.0,16.0,16.0,16.0,16.0,16.0,16.0,16.0,16.0,16.0,16.0,16.0,16.0,16.0,16.0,16.0,16.0,16.0,16.0,16.0,26.0,16.0,16.0,16.0,16.0,16.0,16.0,22.0,16.0,16.0,16.0,16.0,16.0,22.0,19.0,16.0,16.0
355,2,EAST,338,13.0,13.0,13.0,13.0,13.0,13.0,13.0,13.0,13.0,13.0,13.0,13.0,13.0,13.0,13.0,13.0,13.0,13.0,13.0,13.0,13.0,13.0,13.0,13.0,13.0,13.0,13.0,13.0,13.0,13.0,13.0,13.0,13.0,153.0,205.0,149.0,97.0,65.0
358,2,EAST,340,2.0,2.0,2.0,2.0,2.0,2.0,2.0,2.0,2.0,2.0,2.0,2.0,2.0,2.0,2.0,2.0,2.0,2.0,2.0,2.0,362.0,218.0,42.0,182.0,2.0,1950.0,1950.0,2.0,2.0,2.0,2.0,2.0,390.0,14.0,2.0,2.0,2.0,2.0
370,2,EAST,344,1.0,1.0,1.0,1.0,1.0,1.0,1.0,1.0,1.0,1.0,1.0,1.0,1.0,1.0,1.0,1.0,1.0,1.0,1.0,1.0,1.0,1.0,1.0,1.0,1.0,1.0,1.0,1.0,1.0,1.0,1.0,1.0,113.0,49.0,187.6666667,97.0,157.0,145.0
371,2,EAST,410,7.0,7.0,7.0,7.0,7.0,7.0,7.0,7.0,7.0,7.0,7.0,7.0,7.0,7.0,7.0,7.0,7.0,7.0,7.0,7.0,7.0,7.0,7.0,7.0,7.0,7.0,7.0,7.0,7.0,7.0,7.0,7.0,207.0,281.6666667,215.0,7.0,167.0,39.0
391,2,EAST,389,3.0,3.0,3.0,3.0,3.0,3.0,3.0,3.0,3.0,3.0,3.0,3.0,3.0,3.0,3.0,3.0,3.0,3.0,3.0,3.0,3.0,3.0,3.0,3.0,3.0,3.0,3.0,3.0,3.0,3.0,3.0,3.0,3.0,3.0,3.0,21.66666667,29.66666667,27.0
395,2,EAST,162,6.0,6.0,6.0,6.0,6.0,6.0,6.0,6.0,6.0,6.0,6.0,6.0,6.0,6.0,6.0,6.0,6.0,6.0,6.0,6.0,6.0,6.0,6.0,6.0,6.0,6.0,6.0,6.0,6.0,6.0,6.0,6.0,6.0,6.0,6.0,6.0,27.33333333,27.33333333
396,2,EAST,163,13.0,13.0,13.0,13.0,13.0,13.0,13.0,13.0,13.0,13.0,13.0,13.0,13.0,13.0,13.0,13.0,13.0,13.0,13.0,13.0,13.0,13.0,13.0,13.0,13.0,13.0,13.0,13.0,13.0,13.0,13.0,13.0,13.0,13.0,13.0,13.0,21.0,21.0
397,2,EAST,164,6.0,6.0,6.0,6.0,6.0,6.0,6.0,6.0,6.0,6.0,6.0,6.0,6.0,6.0,6.0,6.0,6.0,6.0,6.0,6.0,6.0,6.0,6.0,6.0,6.0,6.0,6.0,6.0,6.0,6.0,6.0,6.0,6.0,6.0,6.0,6.0,18.0,18.0
402,2,EAST,172,2.0,2.0,2.0,2.0,2.0,2.0,2.0,2.0,2.0,2.0,2.0,2.0,2.0,2.0,2.0,2.0,2.0,2.0,2.0,2.0,2.0,2.0,2.0,2.0,2.0,2.0,2.0,2.0,2.0,2.0,2.0,2.0,2.0,2.0,2.0,2.0,2.0,2.0
403,2,EAST,178,20.0,20.0,20.0,20.0,20.0,20.0,20.0,20.0,20.0,20.0,20.0,20.0,20.0,20.0,20.0,20.0,20.0,20.0,20.0,20.0,20.0,20.0,20.0,20.0,20.0,20.0,20.0,20.0,20.0,20.0,20.0,20.0,20.0,20.0,78.66666667,84.0,36.0,44.0
404,2,EAST,179,6.0,6.0,6.0,6.0,6.0,6.0,6.0,6.0,6.0,6.0,6.0,6.0,6.0,6.0,6.0,6.0,6.0,6.0,6.0,6.0,6.0,6.0,6.0,6.0,6.0,6.0,6.0,6.0,6.0,6.0,6.0,6.0,6.0,6.0,6.0,6.0,10.0,10.0
408,2,EAST,392,9.0,9.0,9.0,9.0,9.0,9.0,9.0,9.0,9.0,9.0,9.0,9.0,9.0,9.0,9.0,9.0,9.0,9.0,9.0,9.0,9.0,9.0,9.0,9.0,9.0,9.0,9.0,9.0,9.0,9.0,9.0,9.0,9.0,9.0,9.0,13.0,17.0,18.33333333
409,2,EAST,187,20.0,20.0,20.0,20.0,20.0,20.0,20.0,20.0,20.0,20.0,20.0,20.0,20.0,20.0,20.0,20.0,20.0,20.0,20.0,20.0,20.0,20.0,20.0,20.0,20.0,20.0,20.0,20.0,20.0,20.0,20.0,20.0,20.0,20.0,20.0,20.0,20.0,20.0
410,2,EAST,189,17.0,17.0,17.0,17.0,17.0,17.0,17.0,17.0,17.0,17.0,17.0,17.0,17.0,17.0,17.0,17.0,17.0,17.0,17.0,17.0,17.0,17.0,29.0,17.0,17.0,37.0,35.66666667,17.0,17.0,17.0,17.0,25.0,17.0,17.0,17.0,25.0,47.66666667,29.0
413,2,EAST,195,18.0,18.0,18.0,18.0,18.0,18.0,18.0,18.0,18.0,18.0,18.0,18.0,18.0,18.0,18.0,18.0,18.0,18.0,18.0,18.0,18.0,18.0,58.0,18.0,18.0,60.66666667,30.0,50.0,30.0,54.0,18.0,26.0,58.0,18.0,60.0,18.0,66.0,34.0
415,2,EAST,198,1.0,1.0,1.0,1.0,1.0,1.0,1.0,1.0,1.0,1.0,1.0,1.0,1.0,1.0,1.0,1.0,1.0,1.0,1.0,1.0,1.0,33.0,19.0,1.0,1.0,37.0,25.0,1.0,1.0,1.0,9.0,13.0,1.0,5.0,5.0,50.33333333,49.0,1.0
417,2,EAST,306,3.0,3.0,3.0,3.0,3.0,3.0,3.0,3.0,3.0,3.0,3.0,3.0,3.0,3.0,3.0,3.0,3.0,3.0,3.0,3.0,3.0,3.0,3.0,3.0,3.0,46.33333333,46.33333333,3.0,3.0,3.0,3.0,3.0,3.0,3.0,3.0,23.0,29.0,3.0
418,2,EAST,312,16.0,16.0,16.0,16.0,16.0,16.0,16.0,16.0,16.0,16.0,16.0,16.0,16.0,16.0,16.0,16.0,16.0,16.0,16.0,16.0,16.0,16.0,16.0,16.0,16.0,16.0,16.0,16.0,16.0,16.0,16.0,16.0,16.0,16.0,16.0,16.0,16.0,16.0
419,2,EAST,315,12.0,12.0,12.0,12.0,12.0,12.0,12.0,12.0,12.0,12.0,12.0,12.0,12.0,12.0,12.0,12.0,12.0,12.0,12.0,12.0,12.0,12.0,12.0,12.0,12.0,12.0,12.0,12.0,12.0,12.0,12.0,12.0,12.0,12.0,12.0,12.0,50.0,50.0
420,2,EAST,316,19.0,19.0,19.0,19.0,19.0,19.0,19.0,19.0,19.0,19.0,19.0,19.0,19.0,19.0,19.0,19.0,19.0,19.0,19.0,19.0,19.0,19.0,19.0,19.0,19.0,19.0,19.0,19.0,19.0,19.0,19.0,19.0,19.0,19.0,19.0,19.0,39.0,39.0
421,2,EAST,319,18.0,18.0,18.0,18.0,18.0,18.0,18.0,18.0,18.0,18.0,18.0,18.0,18.0,18.0,18.0,18.0,18.0,18.0,18.0,18.0,18.0,30.0,18.0,18.0,18.0,96.0,126.0,84.0,84.0,48.0,93.0,18.0,42.0,54.0,93.0,114.0,102.0,18.0
422,2,EAST,321,18.0,18.0,18.0,18.0,18.0,18.0,18.0,18.0,18.0,18.0,18.0,18.0,18.0,18.0,18.0,18.0,18.0,18.0,18.0,18.0,18.0,34.0,42.0,98.0,18.0,18.0,42.0,50.0,50.0,42.0,34.0,18.0,18.0,42.0,130.0,124.6666667,26.0,114.0
423,2,EAST,322,19.0,19.0,19.0,19.0,19.0,19.0,19.0,19.0,19.0,19.0,19.0,19.0,19.0,19.0,19.0,19.0,19.0,19.0,19.0,19.0,19.0,51.0,27.0,91.0,19.0,19.0,131.0,91.0,107.0,51.0,67.0,19.0,19.0,67.0,115.0,165.6666667,144.3333333,51.0
424,2,EAST,399,20.0,20.0,20.0,20.0,20.0,20.0,20.0,20.0,20.0,20.0,20.0,20.0,20.0,20.0,20.0,20.0,20.0,20.0,20.0,20.0,20.0,20.0,20.0,20.0,20.0,20.0,20.0,20.0,20.0,22.0,40.0,40.0,112.0,44.0,28.0,48.0,94.0,94.0
425,2,EAST,205,9.0,9.0,9.0,9.0,9.0,9.0,9.0,9.0,9.0,9.0,9.0,9.0,9.0,9.0,9.0,9.0,9.0,9.0,9.0,9.0,9.0,9.0,69.0,9.0,9.0,69.0,297.0,129.0,9.0,201.0,237.0,87.0,237.0,159.0,309.0,201.0,141.0,129.0
427,2,EAST,208,6.0,6.0,6.0,6.0,6.0,6.0,6.0,6.0,6.0,6.0,6.0,6.0,6.0,6.0,6.0,6.0,6.0,6.0,6.0,6.0,6.0,6.0,6.0,6.0,6.0,6.0,6.0,6.0,6.0,6.0,6.0,24.0,106.0,58.0,152.0,76.0,134.0,140.0
428,2,EAST,210,10.0,10.0,10.0,10.0,10.0,10.0,10.0,10.0,10.0,10.0,10.0,10.0,10.0,10.0,10.0,10.0,10.0,10.0,10.0,10.0,10.0,10.0,10.0,34.0,10.0,58.0,10.0,46.0,46.0,64.0,112.0,10.0,58.0,22.0,128.0,144.0,70.0,124.0
451,3,WEST,350,7.0,7.0,7.0,7.0,7.0,7.0,7.0,7.0,7.0,7.0,7.0,7.0,7.0,7.0,7.0,7.0,7.0,7.0,7.0,7.0,103.0,91.0,46.0,31.0,7.0,7.0,19.0,37.0,19.0,13.0,31.0,79.0,103.0,67.0,129.0,113.0,19.0,43.0
459,3,WEST,327,13.0,13.0,13.0,13.0,13.0,13.0,13.0,13.0,13.0,13.0,13.0,13.0,13.0,13.0,13.0,13.0,13.0,13.0,13.0,13.0,13.0,13.0,13.0,13.0,13.0,13.0,13.0,20.0,20.66666667,19.0,17.0,17.0,19.0,13.0,19.0,23.66666667,15.0,13.0
460,3,WEST,19,19.0,19.0,19.0,19.0,19.0,19.0,19.0,19.0,19.0,19.0,19.0,19.0,19.0,19.0,19.0,19.0,19.0,19.0,19.0,19.0,19.0,19.0,19.0,19.0,19.0,19.0,19.0,35.0,39.0,35.0,25.0,31.0,33.66666667,23.0,35.0,55.0,41.0,27.0
461,3,WEST,351,18.0,18.0,18.0,18.0,18.0,18.0,18.0,18.0,18.0,18.0,18.0,18.0,18.0,18.0,18.0,18.0,18.0,18.0,18.0,18.0,18.0,18.0,18.0,18.0,18.0,18.0,36.0,36.0,69.0,33.0,28.0,30.0,69.0,48.0,57.0,65.0,33.0,18.0
462,3,WEST,236,4.0,4.0,4.0,4.0,4.0,4.0,4.0,4.0,4.0,4.0,4.0,4.0,4.0,4.0,4.0,4.0,4.0,4.0,4.0,4.0,4.0,4.0,4.0,4.0,4.0,4.0,4.0,64.0,89.33333333,40.0,110.0,156.6666667,136.0,96.0,52.0,84.0,12.0,32.0
463,3,WEST,20,11.0,11.0,11.0,11.0,11.0,11.0,11.0,11.0,11.0,11.0,11.0,11.0,11.0,11.0,11.0,11.0,11.0,11.0,11.0,11.0,11.0,11.0,11.0,11.0,11.0,11.0,11.0,41.0,54.0,29.0,66.0,88.33333333,76.0,29.0,29.0,17.0,14.0,15.0
464,3,WEST,352,20.0,20.0,20.0,20.0,20.0,20.0,20.0,20.0,20.0,20.0,20.0,20.0,20.0,20.0,20.0,20.0,20.0,20.0,20.0,20.0,20.0,20.0,20.0,20.0,20.0,20.0,20.0,68.0,180.0,92.0,112.0,201.3333333,208.0,132.0,84.0,92.0,52.0,36.0
465,3,WEST,353,1.0,1.0,1.0,1.0,1.0,1.0,1.0,1.0,1.0,1.0,1.0,1.0,1.0,1.0,1.0,1.0,1.0,1.0,1.0,1.0,1.0,1.0,1.0,1.0,1.0,1.0,1.0,55.0,181.0,49.0,97.0,184.0,189.0,158.0,91.0,85.0,55.0,43.0
466,3,WEST,21,3.0,3.0,3.0,3.0,3.0,3.0,3.0,3.0,3.0,3.0,3.0,3.0,3.0,3.0,3.0,3.0,3.0,3.0,3.0,3.0,3.0,3.0,3.0,3.0,3.0,3.0,3.0,57.0,60.0,120.0,123.0,105.0,269.0,275.0,123.0,210.0,33.0,141.0
467,3,WEST,22,6.0,6.0,6.0,6.0,6.0,6.0,6.0,6.0,6.0,6.0,6.0,6.0,6.0,6.0,6.0,6.0,6.0,6.0,6.0,6.0,6.0,6.0,6.0,6.0,6.0,6.0,6.0,21.0,19.0,20.0,6.0,18.0,31.33333333,29.0,11.0,15.0,10.0,6.0
468,3,WEST,23,18.0,18.0,18.0,18.0,18.0,18.0,18.0,18.0,18.0,18.0,18.0,18.0,18.0,18.0,18.0,18.0,18.0,18.0,18.0,18.0,18.0,18.0,18.0,18.0,18.0,18.0,18.0,82.0,94.0,58.0,50.0,74.0,131.3333333,142.0,134.0,126.0,42.0,64.66666667
469,3,WEST,24,20.0,20.0,20.0,20.0,20.0,20.0,20.0,20.0,20.0,20.0,20.0,20.0,20.0,20.0,20.0,20.0,20.0,20.0,20.0,20.0,20.0,20.0,20.0,20.0,20.0,20.0,20.0,116.0,80.0,52.0,44.0,132.0,173.3333333,148.0,56.0,60.0,52.0,36.0
471,3,WEST,26,5.0,5.0,5.0,5.0,5.0,5.0,5.0,5.0,5.0,5.0,5.0,5.0,5.0,5.0,5.0,5.0,5.0,5.0,5.0,5.0,5.0,5.0,5.0,5.0,5.0,5.0,5.0,61.0,37.0,37.0,137.0,254.3333333,283.6666667,225.0,201.0,181.0,49.0,29.0
472,3,WEST,27,14.0,14.0,14.0,14.0,14.0,14.0,14.0,14.0,14.0,14.0,14.0,14.0,14.0,14.0,14.0,14.0,14.0,14.0,14.0,14.0,14.0,14.0,14.0,14.0,14.0,14.0,14.0,92.0,80.0,14.0,140.0,266.0,314.0,272.0,206.0,260.0,14.0,65.0
473,3,WEST,28,11.0,11.0,11.0,11.0,11.0,11.0,11.0,11.0,11.0,11.0,11.0,11.0,11.0,11.0,11.0,11.0,11.0,11.0,11.0,11.0,11.0,11.0,11.0,11.0,11.0,11.0,11.0,43.0,67.0,27.0,59.0,27.0,87.66666667,101.0,67.0,57.0,39.0,23.0
474,3,WEST,29,1.0,1.0,1.0,1.0,1.0,1.0,1.0,1.0,1.0,1.0,1.0,1.0,1.0,1.0,1.0,1.0,1.0,1.0,1.0,1.0,1.0,1.0,1.0,1.0,1.0,1.0,1.0,55.0,31.0,53.0,103.0,49.0,131.0,103.0,82.0,88.0,73.0,31.0
478,3,WEST,33,17.0,17.0,17.0,17.0,17.0,17.0,17.0,17.0,17.0,17.0,17.0,17.0,17.0,17.0,17.0,17.0,17.0,17.0,17.0,17.0,17.0,17.0,17.0,17.0,17.0,17.0,17.0,54.33333333,109.0,95.0,193.0,155.0,273.0,253.0,233.0,211.0,185.0,149.0
484,3,WEST,35,17.0,17.0,17.0,17.0,17.0,17.0,17.0,17.0,17.0,17.0,17.0,17.0,17.0,17.0,17.0,17.0,17.0,17.0,17.0,17.0,17.0,17.0,17.0,17.0,17.0,17.0,17.0,17.0,17.0,17.0,17.0,17.0,17.0,17.0,126.3333333,139.6666667,57.0,17.0
485,3,WEST,36,6.0,6.0,6.0,6.0,6.0,6.0,6.0,6.0,6.0,6.0,6.0,6.0,6.0,6.0,6.0,6.0,6.0,6.0,6.0,6.0,6.0,6.0,10.0,10.0,6.0,26.0,70.0,122.0,106.0,204.0,270.0,414.0,454.0,428.0,352.0,336.0,26.0,266.0
491,3,WEST,41,3.0,3.0,3.0,3.0,3.0,3.0,3.0,3.0,3.0,3.0,3.0,3.0,3.0,3.0,3.0,3.0,3.0,3.0,3.0,3.0,3.0,3.0,3.0,33.0,3.0,3.0,15.0,29.0,47.0,43.0,75.66666667,47.0,92.0,65.0,86.0,69.33333333,13.0,49.0
494,3,WEST,42,7.0,7.0,7.0,7.0,7.0,7.0,7.0,7.0,7.0,7.0,7.0,7.0,7.0,7.0,7.0,7.0,7.0,7.0,7.0,7.0,7.0,7.0,7.0,59.0,7.0,7.0,39.0,59.0,119.0,83.0,183.0,55.0,120.3333333,79.0,159.0,137.0,91.0,67.0
495,3,WEST,43,8.0,8.0,8.0,8.0,8.0,8.0,8.0,8.0,8.0,8.0,8.0,8.0,8.0,8.0,8.0,8.0,8.0,8.0,8.0,8.0,8.0,8.0,14.0,134.0,8.0,14.0,50.0,95.0,131.0,134.0,296.0,152.0,296.0,285.0,152.0,164.0,86.0,104.0
496,3,WEST,44,10.0,10.0,10.0,10.0,10.0,10.0,10.0,10.0,10.0,10.0,10.0,10.0,10.0,10.0,10.0,10.0,10.0,10.0,10.0,10.0,10.0,10.0,10.0,160.0,10.0,22.0,46.0,52.0,52.0,124.0,97.0,184.0,168.0,88.0,154.0,184.0,106.0,34.0
497,3,WEST,356,12.0,12.0,12.0,12.0,12.0,12.0,12.0,12.0,12.0,12.0,12.0,12.0,12.0,12.0,12.0,12.0,12.0,12.0,12.0,12.0,12.0,12.0,12.0,34.0,12.0,16.0,18.0,30.0,32.0,46.0,28.0,54.0,56.0,40.0,46.33333333,42.0,24.0,38.0
505,3,WEST,54,14.0,14.0,14.0,14.0,14.0,14.0,14.0,14.0,14.0,14.0,14.0,14.0,14.0,14.0,14.0,14.0,14.0,14.0,14.0,14.0,14.0,14.0,14.0,40.0,14.0,14.0,18.0,26.0,34.0,50.0,32.0,62.66666667,64.0,36.0,30.0,48.0,16.0,28.0
506,3,WEST,55,16.0,16.0,16.0,16.0,16.0,16.0,16.0,16.0,16.0,16.0,16.0,16.0,16.0,16.0,16.0,16.0,16.0,16.0,16.0,16.0,16.0,16.0,16.0,20.0,16.0,18.0,32.0,22.0,59.0,68.0,142.0,151.0,137.6666667,85.0,86.0,90.0,38.0,39.0
507,3,WEST,56,12.0,12.0,12.0,12.0,12.0,12.0,12.0,12.0,12.0,12.0,12.0,12.0,12.0,12.0,12.0,12.0,12.0,12.0,12.0,12.0,12.0,12.0,12.0,12.0,12.0,12.0,48.0,124.0,222.0,310.0,752.0,752.6666667,562.6666667,182.0,212.0,424.0,88.0,196.0
508,3,WEST,57,18.0,18.0,18.0,18.0,18.0,18.0,18.0,18.0,18.0,18.0,18.0,18.0,18.0,18.0,18.0,18.0,18.0,18.0,18.0,18.0,18.0,18.0,50.0,18.0,18.0,18.0,50.0,18.0,78.0,18.0,114.0,166.0,174.0,138.0,82.0,102.0,58.0,122.0
509,3,WEST,58,15.0,15.0,15.0,15.0,15.0,15.0,15.0,15.0,15.0,15.0,15.0,15.0,15.0,15.0,15.0,15.0,15.0,15.0,15.0,15.0,15.0,15.0,15.0,15.0,15.0,15.0,43.0,15.0,63.0,91.0,131.0,187.6666667,191.0,141.0,139.0,163.0,35.0,63.0
510,3,WEST,59,13.0,13.0,13.0,13.0,13.0,13.0,13.0,13.0,13.0,13.0,13.0,13.0,13.0,13.0,13.0,13.0,13.0,13.0,13.0,13.0,13.0,13.0,13.0,89.0,13.0,21.0,49.0,149.0,145.0,173.0,353.0,325.0,285.0,385.0,409.0,341.0,101.0,205.0
512,3,WEST,60,19.0,19.0,19.0,19.0,19.0,19.0,19.0,19.0,19.0,19.0,19.0,19.0,19.0,19.0,19.0,19.0,19.0,19.0,19.0,19.0,19.0,19.0,19.0,19.0,19.0,19.0,19.0,133.0,331.0,289.0,298.0,169.0,106.0,193.0,109.0,319.0,193.0,55.0
513,3,WEST,61,19.0,19.0,19.0,19.0,19.0,19.0,19.0,19.0,19.0,19.0,19.0,19.0,19.0,19.0,19.0,19.0,19.0,19.0,19.0,19.0,46.0,1330.0,2154.0,919.0,19.0,1180.0,355.0,307.0,97.0,148.0,202.0,196.0,1048.0,184.0,19.0,319.0,728.0,1324.0
514,3,WEST,62,17.0,17.0,17.0,17.0,17.0,17.0,17.0,17.0,17.0,17.0,17.0,17.0,17.0,17.0,17.0,17.0,17.0,17.0,17.0,17.0,17.0,17.0,59.0,233.0,17.0,17.0,77.0,131.0,116.0,176.0,314.0,378.0,362.0,266.0,197.0,224.0,83.0,83.0
515,3,WEST,63,16.0,16.0,16.0,16.0,16.0,16.0,16.0,16.0,16.0,16.0,16.0,16.0,16.0,16.0,16.0,16.0,16.0,16.0,16.0,16.0,16.0,16.0,16.0,43.0,16.0,30.0,52.0,41.0,51.0,45.0,55.0,91.0,94.0,94.0,88.0,82.0,44.0,68.0
516,3,WEST,66,10.0,10.0,10.0,10.0,10.0,10.0,10.0,10.0,10.0,10.0,10.0,10.0,10.0,10.0,10.0,10.0,10.0,10.0,10.0,10.0,10.0,10.0,10.0,10.0,10.0,14.0,58.0,70.0,38.0,74.0,38.0,190.0,254.0,242.0,343.3333333,275.3333333,38.0,186.0
517,3,WEST,67,7.0,7.0,7.0,7.0,7.0,7.0,7.0,7.0,7.0,7.0,7.0,7.0,7.0,7.0,7.0,7.0,7.0,7.0,7.0,7.0,31.0,79.0,23.0,7.0,7.0,15.0,55.0,39.0,23.0,39.0,63.0,279.0,231.0,372.3333333,407.0,471.0,167.0,383.0
518,3,WEST,244,12.0,12.0,12.0,12.0,12.0,12.0,12.0,12.0,12.0,12.0,12.0,12.0,12.0,12.0,12.0,12.0,12.0,12.0,12.0,12.0,26.0,16.0,12.0,12.0,12.0,12.0,12.0,12.0,16.0,18.0,26.0,34.0,28.0,47.0,60.33333333,50.66666667,18.0,18.0
519,3,WEST,68,16.0,16.0,16.0,16.0,16.0,16.0,16.0,16.0,16.0,16.0,16.0,16.0,16.0,16.0,16.0,16.0,16.0,16.0,16.0,16.0,28.0,36.0,29.0,20.0,16.0,22.0,16.0,20.0,18.0,41.0,42.0,27.0,58.0,62.0,79.66666667,65.0,18.0,54.0
524,3,WEST,74,19.0,19.0,19.0,19.0,19.0,19.0,19.0,19.0,19.0,19.0,19.0,19.0,19.0,19.0,19.0,19.0,19.0,19.0,19.0,19.0,19.0,19.0,19.0,19.0,19.0,19.0,19.0,75.0,91.0,213.6666667,403.0,523.0,587.0,403.0,295.0,267.0,19.0,243.0
525,3,WEST,75,1.0,1.0,1.0,1.0,1.0,1.0,1.0,1.0,1.0,1.0,1.0,1.0,1.0,1.0,1.0,1.0,1.0,1.0,9.0,49.0,175.6666667,115.0,51.0,1.0,1.0,1.0,5.0,29.0,45.0,85.0,149.0,149.0,133.0,85.0,133.0,101.0,23.0,49.0
527,3,WEST,76,16.0,16.0,16.0,16.0,16.0,16.0,16.0,16.0,16.0,16.0,16.0,16.0,16.0,16.0,16.0,16.0,16.0,16.0,16.0,16.0,16.0,16.0,16.0,16.0,16.0,16.0,16.0,16.0,16.0,16.0,16.0,16.0,16.0,16.0,16.0,54.66666667,32.0,64.0
534,3,WEST,358,3.0,3.0,3.0,3.0,3.0,3.0,3.0,3.0,3.0,3.0,3.0,3.0,3.0,3.0,3.0,3.0,3.0,3.0,3.0,3.0,3.0,3.0,3.0,3.0,3.0,3.0,3.0,3.0,3.0,3.0,3.0,3.0,3.0,3.0,3.0,3.0,3.0,3.0
537,3,WEST,85,7.0,7.0,7.0,7.0,7.0,7.0,7.0,7.0,7.0,7.0,7.0,7.0,7.0,7.0,7.0,7.0,7.0,7.0,7.0,7.0,7.0,7.0,7.0,7.0,7.0,7.0,7.0,7.0,7.0,7.0,7.0,7.0,67.0,7.0,7.0,127.0,7.0,7.0
540,3,WEST,87,4.0,4.0,4.0,4.0,4.0,4.0,4.0,4.0,4.0,4.0,4.0,4.0,4.0,4.0,4.0,4.0,4.0,4.0,4.0,4.0,4.0,4.0,4.0,4.0,4.0,4.0,4.0,4.0,4.0,4.0,4.0,4.0,4.0,4.0,4.0,30.66666667,4.0,33.33333333
556,3,WEST,362,20.0,20.0,20.0,20.0,20.0,20.0,20.0,20.0,20.0,20.0,20.0,20.0,20.0,20.0,20.0,20.0,20.0,20.0,27.0,49.66666667,48.0,44.0,39.0,20.0,20.0,20.0,20.0,30.0,39.0,23.0,33.0,50.0,34.0,30.0,30.0,64.0,21.0,29.0
568,3,WEST,368,9.0,9.0,9.0,9.0,9.0,9.0,9.0,9.0,9.0,9.0,9.0,9.0,9.0,9.0,9.0,9.0,9.0,9.0,9.0,9.0,9.0,37.0,10.0,17.0,9.0,9.0,9.0,9.0,169.0,84.0,39.0,166.3333333,167.0,63.0,59.0,93.0,27.0,27.0
569,3,WEST,369,19.0,19.0,19.0,19.0,19.0,19.0,19.0,19.0,19.0,19.0,19.0,19.0,19.0,19.0,19.0,19.0,19.0,19.0,19.0,19.0,19.0,19.0,19.0,19.0,19.0,19.0,19.0,19.0,19.0,19.0,19.0,19.0,19.0,19.0,19.0,19.0,19.0,19.0
574,3,WEST,373,5.0,5.0,5.0,5.0,5.0,5.0,5.0,5.0,5.0,5.0,5.0,5.0,5.0,5.0,5.0,5.0,5.0,5.0,5.0,5.0,5.0,5.0,5.0,5.0,5.0,5.0,5.0,5.0,5.0,5.0,5.0,5.0,28.33333333,31.0,13.0,17.0,5.0,13.0
575,3,WEST,259,16.0,16.0,16.0,16.0,16.0,16.0,16.0,16.0,16.0,16.0,16.0,16.0,16.0,16.0,16.0,16.0,16.0,16.0,16.0,16.0,16.0,16.0,16.0,16.0,16.0,16.0,130.0,196.0,214.0,196.0,225.0,226.0,273.0,163.0,88.0,157.0,73.0,37.0
576,3,WEST,260,19.0,19.0,19.0,19.0,19.0,19.0,19.0,19.0,19.0,19.0,19.0,19.0,19.0,19.0,19.0,19.0,19.0,19.0,19.0,19.0,19.0,19.0,19.0,19.0,19.0,19.0,67.0,59.0,147.0,135.0,153.6666667,119.0,135.0,140.3333333,131.0,107.0,43.0,51.0
577,3,WEST,261,8.0,8.0,8.0,8.0,8.0,8.0,8.0,8.0,8.0,8.0,8.0,8.0,8.0,8.0,8.0,8.0,8.0,8.0,8.0,8.0,8.0,8.0,8.0,8.0,8.0,8.0,8.0,8.0,8.0,162.0,326.0,618.0,710.0,734.0,404.0,722.0,338.0,233.0
578,3,WEST,262,4.0,4.0,4.0,4.0,4.0,4.0,4.0,4.0,4.0,4.0,4.0,4.0,4.0,4.0,4.0,4.0,4.0,4.0,4.0,4.0,4.0,4.0,4.0,4.0,4.0,4.0,16.0,84.0,48.0,142.6666667,144.0,102.0,133.3333333,77.0,132.0,110.0,12.0,144.0
582,3,WEST,266,11.0,11.0,11.0,11.0,11.0,11.0,11.0,11.0,11.0,11.0,11.0,11.0,11.0,11.0,11.0,11.0,11.0,11.0,11.0,11.0,11.0,11.0,11.0,11.0,11.0,11.0,11.0,99.0,83.0,131.0,225.0,107.0,193.6666667,171.0,227.0,19.0,11.0,168.3333333
595,3,WEST,279,5.0,5.0,5.0,5.0,5.0,5.0,5.0,5.0,5.0,5.0,5.0,5.0,5.0,5.0,5.0,5.0,5.0,5.0,5.0,5.0,5.0,9.0,5.0,5.0,5.0,5.0,5.0,5.0,25.0,33.0,65.0,65.0,65.0,5.0,31.66666667,17.0,17.0,9.0
596,3,WEST,280,7.0,7.0,7.0,7.0,7.0,7.0,7.0,7.0,7.0,7.0,7.0,7.0,7.0,7.0,7.0,7.0,7.0,7.0,7.0,7.0,7.0,37.0,7.0,10.0,7.0,7.0,7.0,19.0,25.0,13.0,33.0,19.0,55.0,55.0,37.0,31.0,25.0,7.0
597,3,WEST,281,5.0,5.0,5.0,5.0,5.0,5.0,5.0,5.0,5.0,5.0,5.0,5.0,5.0,5.0,5.0,5.0,5.0,5.0,5.0,5.0,5.0,5.0,5.0,5.0,5.0,5.0,5.0,5.0,17.0,33.0,29.0,13.0,30.33333333,25.0,5.0,33.0,21.0,5.0
598,3,WEST,282,8.0,8.0,8.0,8.0,8.0,8.0,8.0,8.0,8.0,8.0,8.0,8.0,8.0,8.0,8.0,8.0,8.0,8.0,8.0,84.0,180.0,230.0,144.0,120.0,8.0,26.0,28.0,20.0,24.0,116.0,192.0,28.0,230.0,170.0,144.0,124.0,30.0,79.33333333
599,3,WEST,283,19.0,19.0,19.0,19.0,19.0,19.0,19.0,19.0,19.0,19.0,19.0,19.0,19.0,19.0,19.0,19.0,19.0,19.0,19.0,154.0,185.0,177.0,130.0,76.0,19.0,31.0,49.0,31.0,37.0,82.0,61.0,133.0,151.0,91.0,55.0,73.0,37.0,43.0
600,3,WEST,375,17.0,17.0,17.0,17.0,17.0,17.0,17.0,17.0,17.0,17.0,17.0,17.0,17.0,17.0,17.0,17.0,17.0,17.0,17.0,17.0,17.0,71.0,134.0,62.0,17.0,17.0,53.0,41.0,89.0,41.0,122.0,143.0,158.0,113.0,113.0,123.0,59.0,145.0
601,3,WEST,376,13.0,13.0,13.0,13.0,13.0,13.0,13.0,13.0,13.0,13.0,13.0,13.0,13.0,13.0,13.0,13.0,13.0,13.0,13.0,13.0,13.0,25.0,34.33333333,19.0,13.0,13.0,25.0,13.0,17.0,21.0,27.0,19.0,31.0,21.0,23.0,19.0,16.0,19.0
602,3,WEST,284,10.0,10.0,10.0,10.0,10.0,10.0,10.0,10.0,10.0,10.0,10.0,10.0,10.0,10.0,10.0,10.0,10.0,10.0,10.0,10.0,10.0,33.0,34.66666667,15.0,10.0,10.0,12.0,11.0,22.0,27.0,12.0,29.0,22.0,23.0,19.0,31.0,10.0,14.0
603,3,WEST,285,7.0,7.0,7.0,7.0,7.0,7.0,7.0,7.0,7.0,7.0,7.0,7.0,7.0,7.0,7.0,7.0,7.0,7.0,7.0,31.66666667,37.0,46.33333333,41.0,7.0,7.0,7.0,7.0,7.0,27.0,31.0,31.0,35.0,21.0,11.0,13.0,11.0,23.0,15.0
604,3,WEST,377,11.0,11.0,11.0,11.0,11.0,11.0,11.0,11.0,11.0,11.0,11.0,11.0,11.0,11.0,11.0,11.0,11.0,11.0,11.0,11.0,11.0,11.0,17.0,25.0,11.0,11.0,11.0,11.0,23.0,29.0,19.0,33.0,39.0,33.0,31.0,35.0,33.0,27.0
605,3,WEST,378,7.0,7.0,7.0,7.0,7.0,7.0,7.0,7.0,7.0,7.0,7.0,7.0,7.0,7.0,7.0,7.0,7.0,7.0,7.0,7.0,7.0,7.0,19.0,43.0,7.0,7.0,7.0,7.0,27.0,19.0,43.0,67.0,61.66666667,27.0,15.0,27.0,27.0,35.0
618,3,WEST,379,12.0,12.0,12.0,12.0,12.0,12.0,12.0,12.0,12.0,12.0,12.0,12.0,12.0,12.0,12.0,12.0,12.0,12.0,12.0,12.0,12.0,12.0,396.0,108.0,12.0,12.0,180.0,228.0,870.6666667,804.0,584.0,60.0,204.0,36.0,84.0,437.3333333,252.0,340.0
619,3,WEST,380,19.0,19.0,19.0,19.0,19.0,19.0,19.0,19.0,19.0,19.0,19.0,19.0,19.0,19.0,19.0,19.0,19.0,19.0,19.0,19.0,19.0,19.0,31.0,43.0,19.0,37.0,55.0,61.0,247.3333333,300.0,77.0,19.0,61.0,37.0,19.0,329.0,25.0,193.6666667
620,3,WEST,381,5.0,5.0,5.0,5.0,5.0,5.0,5.0,5.0,5.0,5.0,5.0,5.0,5.0,5.0,5.0,5.0,5.0,5.0,5.0,5.0,5.0,5.0,5.0,5.0,5.0,5.0,21.0,21.0,286.3333333,261.0,77.0,101.0,221.0,269.0,101.0,151.6666667,5.0,141.0
633,3,WEST,384,13.0,13.0,13.0,13.0,13.0,13.0,13.0,13.0,13.0,13.0,13.0,13.0,13.0,13.0,13.0,13.0,13.0,13.0,13.0,18.0,20.66666667,15.0,13.0,13.0,13.0,13.0,15.0,19.0,23.0,15.0,18.0,13.0,13.0,21.0,23.0,13.0,13.0,15.0
647,3,WEST,156,7.0,7.0,7.0,7.0,7.0,7.0,7.0,7.0,7.0,7.0,7.0,7.0,7.0,7.0,7.0,7.0,7.0,7.0,7.0,7.0,7.0,7.0,7.0,7.0,7.0,7.0,7.0,7.0,7.0,7.0,199.0,79.0,79.0,103.0,199.0,183.0,39.0,39.0
648,3,WEST,389,1.0,1.0,1.0,1.0,1.0,1.0,1.0,1.0,1.0,1.0,1.0,1.0,1.0,1.0,1.0,1.0,1.0,1.0,1.0,1.0,1.0,1.0,1.0,1.0,1.0,1.0,1.0,1.0,1.0,1.0,1.0,1.0,1.0,1.0,1.0,33.0,1.0,1.0
650,3,WEST,390,19.0,19.0,19.0,19.0,19.0,19.0,19.0,19.0,19.0,19.0,19.0,19.0,19.0,19.0,19.0,19.0,19.0,19.0,19.0,19.0,19.0,19.0,19.0,19.0,19.0,19.0,19.0,19.0,19.0,19.0,19.0,19.0,19.0,19.0,19.0,59.0,19.0,63.0
655,3,WEST,162,7.0,7.0,7.0,7.0,7.0,7.0,7.0,7.0,7.0,7.0,7.0,7.0,7.0,7.0,7.0,7.0,7.0,7.0,7.0,7.0,7.0,7.0,7.0,7.0,7.0,7.0,7.0,7.0,7.0,7.0,7.0,7.0,7.0,7.0,7.0,47.0,19.0,67.0
656,3,WEST,163,6.0,6.0,6.0,6.0,6.0,6.0,6.0,6.0,6.0,6.0,6.0,6.0,6.0,6.0,6.0,6.0,6.0,6.0,6.0,6.0,6.0,6.0,6.0,6.0,6.0,6.0,6.0,6.0,6.0,6.0,6.0,6.0,6.0,6.0,6.0,20.66666667,10.0,10.0
657,3,WEST,164,5.0,5.0,5.0,5.0,5.0,5.0,5.0,5.0,5.0,5.0,5.0,5.0,5.0,5.0,5.0,5.0,5.0,5.0,5.0,5.0,5.0,5.0,5.0,5.0,5.0,5.0,5.0,5.0,5.0,5.0,5.0,5.0,5.0,5.0,5.0,41.0,45.0,17.0
663,3,WEST,169,2.0,2.0,2.0,2.0,2.0,2.0,2.0,2.0,2.0,2.0,2.0,2.0,2.0,2.0,2.0,2.0,2.0,2.0,2.0,2.0,2.0,2.0,2.0,2.0,2.0,2.0,2.0,2.0,2.0,2.0,234.0,402.0,382.0,194.0,490.0,286.0,155.3333333,146.0
664,3,WEST,391,2.0,2.0,2.0,2.0,2.0,2.0,2.0,2.0,2.0,2.0,2.0,2.0,2.0,2.0,2.0,2.0,2.0,2.0,2.0,2.0,2.0,2.0,2.0,2.0,2.0,2.0,2.0,2.0,2.0,2.0,2.0,2.0,2.0,2.0,2.0,2.0,2.0,2.0
665,3,WEST,170,18.0,18.0,18.0,18.0,18.0,18.0,18.0,18.0,18.0,18.0,18.0,18.0,18.0,18.0,18.0,18.0,18.0,18.0,18.0,18.0,18.0,18.0,18.0,18.0,18.0,18.0,18.0,18.0,18.0,18.0,18.0,274.0,418.0,482.0,250.0,298.0,58.0,250.0
666,3,WEST,171,9.0,9.0,9.0,9.0,9.0,9.0,9.0,9.0,9.0,9.0,9.0,9.0,9.0,9.0,9.0,9.0,9.0,9.0,9.0,9.0,9.0,9.0,9.0,9.0,9.0,9.0,9.0,9.0,9.0,9.0,79.0,9.0,190.0,99.0,141.0,174.0,33.0,27.0
667,3,WEST,172,9.0,9.0,9.0,9.0,9.0,9.0,9.0,9.0,9.0,9.0,9.0,9.0,9.0,9.0,9.0,9.0,9.0,9.0,9.0,9.0,9.0,9.0,9.0,9.0,9.0,9.0,9.0,9.0,9.0,9.0,9.0,9.0,9.0,9.0,9.0,9.0,9.0,41.0
668,3,WEST,299,12.0,12.0,12.0,12.0,12.0,12.0,12.0,12.0,12.0,12.0,12.0,12.0,12.0,12.0,12.0,12.0,12.0,12.0,456.0,391.0,225.0,186.0,96.0,48.0,12.0,12.0,36.0,48.0,114.0,90.0,96.0,192.0,321.0,420.0,168.0,78.0,90.0,66.0
670,3,WEST,174,3.0,3.0,3.0,3.0,3.0,3.0,3.0,3.0,3.0,3.0,3.0,3.0,3.0,3.0,3.0,3.0,3.0,3.0,3.0,3.0,3.0,3.0,3.0,3.0,3.0,3.0,3.0,3.0,3.0,23.0,7.0,26.33333333,27.66666667,11.0,9.0,15.0,3.0,3.0
671,3,WEST,175,10.0,10.0,10.0,10.0,10.0,10.0,10.0,10.0,10.0,10.0,10.0,10.0,10.0,10.0,10.0,10.0,10.0,10.0,10.0,10.0,10.0,10.0,10.0,10.0,10.0,10.0,10.0,10.0,10.0,34.0,10.0,45.0,31.0,10.0,13.0,27.0,10.0,10.0
672,3,WEST,176,5.0,5.0,5.0,5.0,5.0,5.0,5.0,5.0,5.0,5.0,5.0,5.0,5.0,5.0,5.0,5.0,5.0,5.0,5.0,5.0,5.0,5.0,5.0,5.0,5.0,5.0,5.0,5.0,5.0,5.0,5.0,15.0,14.0,10.66666667,5.0,13.0,5.0,5.0
673,3,WEST,177,3.0,3.0,3.0,3.0,3.0,3.0,3.0,3.0,3.0,3.0,3.0,3.0,3.0,3.0,3.0,3.0,3.0,3.0,3.0,3.0,3.0,3.0,3.0,3.0,3.0,3.0,3.0,3.0,3.0,5.0,20.33333333,17.0,15.0,3.0,3.0,12.0,9.0,3.0
674,3,WEST,178,13.0,13.0,13.0,13.0,13.0,13.0,13.0,13.0,13.0,13.0,13.0,13.0,13.0,13.0,13.0,13.0,13.0,13.0,13.0,13.0,13.0,13.0,13.0,13.0,13.0,13.0,13.0,13.0,13.0,13.0,13.0,13.0,13.0,13.0,35.0,53.0,53.0,35.0
675,3,WEST,179,16.0,16.0,16.0,16.0,16.0,16.0,16.0,16.0,16.0,16.0,16.0,16.0,16.0,16.0,16.0,16.0,16.0,16.0,16.0,16.0,16.0,16.0,16.0,16.0,16.0,16.0,16.0,16.0,16.0,16.0,178.0,16.0,97.0,151.0,178.0,40.0,34.0,40.0
676,3,WEST,180,11.0,11.0,11.0,11.0,11.0,11.0,11.0,11.0,11.0,11.0,11.0,11.0,11.0,11.0,11.0,11.0,11.0,11.0,11.0,43.0,27.0,27.0,43.0,11.0,11.0,11.0,11.0,11.0,11.0,11.0,11.0,11.0,43.0,43.0,11.0,27.0,11.0,27.0
679,3,WEST,183,18.0,18.0,18.0,18.0,18.0,18.0,18.0,18.0,18.0,18.0,18.0,18.0,18.0,18.0,18.0,18.0,18.0,18.0,18.0,66.0,71.33333333,66.0,66.0,18.0,18.0,18.0,34.0,18.0,50.0,34.0,18.0,50.0,50.0,66.0,34.0,50.0,50.0,50.0
682,3,WEST,300,6.0,6.0,6.0,6.0,6.0,6.0,6.0,6.0,6.0,6.0,6.0,6.0,6.0,6.0,6.0,6.0,6.0,6.0,6.0,32.0,30.0,28.0,42.0,6.0,6.0,6.0,6.0,6.0,18.0,42.0,6.0,30.0,30.0,6.0,6.0,42.0,6.0,30.0
685,3,WEST,392,9.0,9.0,9.0,9.0,9.0,9.0,9.0,9.0,9.0,9.0,9.0,9.0,9.0,9.0,9.0,9.0,9.0,9.0,9.0,9.0,9.0,9.0,9.0,9.0,9.0,9.0,9.0,9.0,9.0,9.0,9.0,9.0,9.0,9.0,9.0,9.0,9.0,14.33333333
688,3,WEST,188,12.0,12.0,12.0,12.0,12.0,12.0,12.0,12.0,12.0,12.0,12.0,12.0,12.0,12.0,12.0,12.0,12.0,12.0,12.0,36.0,84.0,24.0,32.0,12.0,12.0,12.0,12.0,12.0,12.0,28.0,76.0,66.66666667,28.0,68.0,20.0,24.0,20.0,20.0
689,3,WEST,189,17.0,17.0,17.0,17.0,17.0,17.0,17.0,17.0,17.0,17.0,17.0,17.0,17.0,17.0,17.0,17.0,17.0,17.0,87.66666667,65.0,85.0,109.0,85.0,17.0,17.0,17.0,25.0,25.0,49.0,69.0,43.0,67.0,96.33333333,93.0,73.0,77.0,41.0,45.0
691,3,WEST,192,20.0,20.0,20.0,20.0,20.0,20.0,20.0,20.0,20.0,20.0,20.0,20.0,20.0,20.0,20.0,20.0,20.0,20.0,36.0,92.0,97.33333333,68.0,70.66666667,44.0,20.0,20.0,20.0,20.0,20.0,20.0,52.0,28.0,84.0,20.0,20.0,20.0,52.0,20.0
692,3,WEST,193,17.0,17.0,17.0,17.0,17.0,17.0,17.0,17.0,17.0,17.0,17.0,17.0,17.0,17.0,17.0,17.0,17.0,17.0,105.0,107.0,137.0,143.0,71.0,83.0,17.0,17.0,17.0,17.0,17.0,95.0,59.0,101.0,173.0,107.0,89.0,119.0,17.0,53.0
694,3,WEST,195,15.0,15.0,15.0,15.0,15.0,15.0,15.0,15.0,15.0,15.0,15.0,15.0,15.0,15.0,15.0,15.0,15.0,15.0,33.0,15.0,23.0,28.33333333,25.0,15.0,15.0,15.0,15.0,19.0,21.0,15.0,16.0,20.0,17.0,27.0,33.0,27.0,15.0,15.0
696,3,WEST,197,3.0,3.0,3.0,3.0,3.0,3.0,3.0,3.0,3.0,3.0,3.0,3.0,3.0,3.0,3.0,3.0,3.0,3.0,3.0,3.0,123.0,120.3333333,91.0,51.0,3.0,3.0,11.0,3.0,11.0,11.0,75.0,81.0,51.0,85.66666667,43.0,131.0,3.0,27.0
699,3,WEST,200,3.0,3.0,3.0,3.0,3.0,3.0,3.0,3.0,3.0,3.0,3.0,3.0,3.0,3.0,3.0,3.0,3.0,3.0,3.0,3.0,3.0,3.0,3.0,3.0,3.0,3.0,3.0,3.0,3.0,3.0,3.0,405.0,216.0,374.0,387.0,360.0,105.0,129.0
700,3,WEST,201,19.0,19.0,19.0,19.0,19.0,19.0,19.0,19.0,19.0,19.0,19.0,19.0,19.0,19.0,19.0,19.0,19.0,19.0,19.0,19.0,19.0,19.0,19.0,19.0,19.0,19.0,19.0,19.0,19.0,19.0,19.0,190.3333333,257.0,259.0,157.0,146.3333333,87.0,81.0
701,3,WEST,202,3.0,3.0,3.0,3.0,3.0,3.0,3.0,3.0,3.0,3.0,3.0,3.0,3.0,3.0,3.0,3.0,3.0,3.0,3.0,3.0,3.0,3.0,3.0,3.0,3.0,3.0,3.0,3.0,3.0,3.0,3.0,137.0,134.0,121.0,122.3333333,139.0,15.0,69.66666667
703,3,WEST,393,17.0,17.0,17.0,17.0,17.0,17.0,17.0,17.0,17.0,17.0,17.0,17.0,17.0,17.0,17.0,17.0,17.0,17.0,17.0,17.0,17.0,17.0,17.0,17.0,17.0,17.0,17.0,17.0,17.0,17.0,17.0,17.0,17.0,17.0,17.0,17.0,17.0,17.0
704,3,WEST,204,8.0,8.0,8.0,8.0,8.0,8.0,8.0,8.0,8.0,8.0,8.0,8.0,8.0,8.0,8.0,8.0,8.0,8.0,8.0,8.0,8.0,8.0,8.0,8.0,8.0,8.0,8.0,8.0,8.0,8.0,54.0,192.0,62.0,192.0,164.6666667,111.3333333,32.0,82.0
706,3,WEST,394,19.0,19.0,19.0,19.0,19.0,19.0,19.0,19.0,19.0,19.0,19.0,19.0,19.0,19.0,19.0,19.0,19.0,19.0,19.0,19.0,19.0,19.0,19.0,19.0,19.0,19.0,19.0,19.0,19.0,19.0,19.0,19.0,19.0,19.0,19.0,19.0,19.0,19.0
707,3,WEST,395,11.0,11.0,11.0,11.0,11.0,11.0,11.0,11.0,11.0,11.0,11.0,11.0,11.0,11.0,11.0,11.0,11.0,11.0,11.0,11.0,11.0,11.0,11.0,11.0,11.0,11.0,11.0,11.0,11.0,11.0,11.0,11.0,11.0,11.0,11.0,11.0,11.0,11.0
708,3,WEST,314,1.0,1.0,1.0,1.0,1.0,1.0,1.0,1.0,1.0,1.0,1.0,1.0,1.0,1.0,1.0,1.0,1.0,1.0,1.0,1.0,1.0,1.0,1.0,1.0,1.0,1.0,1.0,1.0,1.0,1.0,1.0,417.0,281.0,206.3333333,201.0,223.6666667,9.0,9.0
709,3,WEST,315,1.0,1.0,1.0,1.0,1.0,1.0,1.0,1.0,1.0,1.0,1.0,1.0,1.0,1.0,1.0,1.0,1.0,1.0,1.0,1.0,1.0,1.0,1.0,1.0,1.0,1.0,1.0,1.0,1.0,1.0,1.0,141.0,139.0,67.0,169.0,160.0,13.0,1.0
710,3,WEST,316,8.0,8.0,8.0,8.0,8.0,8.0,8.0,8.0,8.0,8.0,8.0,8.0,8.0,8.0,8.0,8.0,8.0,8.0,8.0,8.0,8.0,8.0,8.0,8.0,8.0,8.0,8.0,8.0,8.0,8.0,8.0,8.0,8.0,8.0,8.0,80.0,65.33333333,20.0
712,3,WEST,318,6.0,6.0,6.0,6.0,6.0,6.0,6.0,6.0,6.0,6.0,6.0,6.0,6.0,6.0,6.0,6.0,6.0,6.0,6.0,6.0,6.0,6.0,6.0,6.0,6.0,6.0,6.0,6.0,6.0,6.0,167.0,221.0,168.0,48.0,84.0,81.0,18.0,6.0
713,3,WEST,319,17.0,17.0,17.0,17.0,17.0,17.0,17.0,17.0,17.0,17.0,17.0,17.0,17.0,17.0,17.0,17.0,17.0,17.0,17.0,17.0,209.0,137.0,197.0,119.0,17.0,23.0,71.0,71.0,251.0,182.0,209.0,167.0,257.0,215.0,176.0,159.0,131.0,92.0
714,3,WEST,320,19.0,19.0,19.0,19.0,19.0,19.0,19.0,19.0,19.0,19.0,19.0,19.0,19.0,19.0,19.0,19.0,19.0,19.0,19.0,19.0,267.0,296.3333333,107.0,123.0,19.0,27.0,59.0,75.0,95.0,43.0,75.0,47.0,55.0,75.0,35.0,123.0,19.0,51.0
715,3,WEST,321,19.0,19.0,19.0,19.0,19.0,19.0,19.0,19.0,19.0,19.0,19.0,19.0,19.0,19.0,19.0,19.0,19.0,19.0,139.0,211.0,155.0,235.0,139.0,179.0,19.0,27.0,67.0,67.0,151.0,83.0,155.0,219.0,251.0,163.0,83.0,235.0,27.0,91.0
716,3,WEST,322,12.0,12.0,12.0,12.0,12.0,12.0,12.0,12.0,12.0,12.0,12.0,12.0,12.0,12.0,12.0,12.0,12.0,12.0,12.0,12.0,140.0,188.0,188.0,60.0,12.0,12.0,36.0,68.0,132.0,132.0,176.0,116.0,188.0,180.0,192.0,160.0,20.0,80.0
723,3,WEST,398,7.0,7.0,7.0,7.0,7.0,7.0,7.0,7.0,7.0,7.0,7.0,7.0,7.0,7.0,7.0,7.0,7.0,7.0,7.0,7.0,7.0,7.0,7.0,7.0,7.0,7.0,7.0,7.0,7.0,7.0,35.66666667,45.0,35.0,27.0,23.0,35.0,11.0,15.0
724,3,WEST,399,16.0,16.0,16.0,16.0,16.0,16.0,16.0,16.0,16.0,16.0,16.0,16.0,16.0,16.0,16.0,16.0,16.0,16.0,16.0,16.0,16.0,16.0,16.0,16.0,16.0,16.0,16.0,16.0,16.0,352.0,634.0,718.0,664.0,238.0,514.0,700.0,208.0,364.0
725,3,WEST,400,5.0,5.0,5.0,5.0,5.0,5.0,5.0,5.0,5.0,5.0,5.0,5.0,5.0,5.0,5.0,5.0,5.0,5.0,5.0,5.0,5.0,5.0,181.0,85.0,5.0,5.0,5.0,193.0,373.0,437.0,543.6666667,405.0,421.0,469.0,293.0,314.3333333,117.0,317.0
728,3,WEST,207,15.0,15.0,15.0,15.0,15.0,15.0,15.0,15.0,15.0,15.0,15.0,15.0,15.0,15.0,15.0,15.0,15.0,15.0,15.0,15.0,18.0,15.0,21.0,18.0,15.0,15.0,15.0,15.0,24.0,24.0,18.0,18.0,15.0,18.0,21.0,24.0,15.0,15.0
729,3,WEST,208,5.0,5.0,5.0,5.0,5.0,5.0,5.0,5.0,5.0,5.0,5.0,5.0,5.0,5.0,5.0,5.0,5.0,5.0,5.0,5.0,5.0,5.0,5.0,5.0,5.0,5.0,5.0,5.0,5.0,5.0,5.0,5.0,5.0,11.0,5.0,21.0,5.0,27.0
730,3,WEST,209,9.0,9.0,9.0,9.0,9.0,9.0,9.0,9.0,9.0,9.0,9.0,9.0,9.0,9.0,9.0,9.0,9.0,9.0,9.0,9.0,9.0,9.0,9.0,9.0,9.0,9.0,41.0,153.0,89.0,153.0,401.0,422.3333333,217.0,297.0,249.0,217.0,121.0,377.0
731,3,WEST,210,20.0,20.0,20.0,20.0,20.0,20.0,20.0,20.0,20.0,20.0,20.0,20.0,20.0,20.0,20.0,20.0,20.0,20.0,188.0,188.0,32.0,314.0,182.0,68.0,20.0,20.0,74.0,68.0,140.0,224.0,212.0,324.0,340.0,260.0,326.0,242.0,50.0,254.0
746,3,WEST,402,5.0,5.0,5.0,5.0,5.0,5.0,5.0,5.0,5.0,5.0,5.0,5.0,5.0,5.0,5.0,5.0,5.0,5.0,5.0,5.0,5.0,29.0,17.0,5.0,5.0,5.0,5.0,5.0,9.0,5.0,12.0,17.0,22.33333333,15.0,5.0,5.0,5.0,5.0
747,3,WEST,227,15.0,15.0,15.0,15.0,15.0,15.0,15.0,15.0,15.0,15.0,15.0,15.0,15.0,15.0,15.0,15.0,15.0,15.0,15.0,15.0,15.0,447.0,95.0,15.0,15.0,15.0,47.0,15.0,79.0,31.0,111.0,27.0,316.3333333,312.3333333,15.0,15.0,15.0,47.0
748,3,WEST,229,9.0,9.0,9.0,9.0,9.0,9.0,9.0,9.0,9.0,9.0,9.0,9.0,9.0,9.0,9.0,9.0,9.0,9.0,9.0,9.0,9.0,14.33333333,9.0,9.0,9.0,9.0,9.0,9.0,9.0,9.0,9.0,9.0,9.0,19.66666667,9.0,9.0,9.0,9.0
766,4,SOUTH,327,4.0,4.0,4.0,4.0,4.0,4.0,4.0,4.0,4.0,4.0,4.0,4.0,4.0,4.0,4.0,4.0,4.0,4.0,4.0,4.0,4.0,4.0,4.0,4.0,4.0,4.0,4.0,28.0,12.0,30.0,10.0,23.33333333,36.0,4.0,12.0,33.33333333,40.0,12.0
767,4,SOUTH,19,5.0,5.0,5.0,5.0,5.0,5.0,5.0,5.0,5.0,5.0,5.0,5.0,5.0,5.0,5.0,5.0,5.0,5.0,5.0,5.0,5.0,5.0,5.0,5.0,5.0,5.0,21.0,24.33333333,17.0,14.0,11.0,15.0,27.0,11.0,9.0,16.33333333,10.0,5.0
768,4,SOUTH,351,8.0,8.0,8.0,8.0,8.0,8.0,8.0,8.0,8.0,8.0,8.0,8.0,8.0,8.0,8.0,8.0,8.0,8.0,8.0,8.0,8.0,8.0,8.0,8.0,8.0,13.0,37.66666667,38.0,14.0,16.0,14.0,22.0,22.0,10.0,12.0,33.0,18.0,12.0
769,4,SOUTH,20,11.0,11.0,11.0,11.0,11.0,11.0,11.0,11.0,11.0,11.0,11.0,11.0,11.0,11.0,11.0,11.0,11.0,11.0,11.0,11.0,11.0,11.0,11.0,11.0,11.0,11.0,11.0,21.0,23.0,36.0,36.0,45.0,27.0,27.0,39.0,31.0,23.0,22.33333333
770,4,SOUTH,353,6.0,6.0,6.0,6.0,6.0,6.0,6.0,6.0,6.0,6.0,6.0,6.0,6.0,6.0,6.0,6.0,6.0,6.0,6.0,6.0,6.0,6.0,6.0,6.0,6.0,6.0,22.0,22.0,22.0,14.0,22.0,31.0,35.66666667,21.0,26.0,24.0,14.0,6.0
771,4,SOUTH,21,1.0,1.0,1.0,1.0,1.0,1.0,1.0,1.0,1.0,1.0,1.0,1.0,1.0,1.0,1.0,1.0,1.0,1.0,1.0,1.0,1.0,1.0,1.0,1.0,1.0,1.0,201.0,61.0,33.0,225.0,101.0,85.0,252.3333333,275.6666667,155.0,181.0,169.0,65.0
772,4,SOUTH,22,8.0,8.0,8.0,8.0,8.0,8.0,8.0,8.0,8.0,8.0,8.0,8.0,8.0,8.0,8.0,8.0,8.0,8.0,8.0,8.0,8.0,8.0,8.0,8.0,8.0,8.0,8.0,112.0,152.0,72.0,116.0,168.0,208.0,177.3333333,76.0,100.0,88.0,24.0
773,4,SOUTH,23,14.0,14.0,14.0,14.0,14.0,14.0,14.0,14.0,14.0,14.0,14.0,14.0,14.0,14.0,14.0,14.0,14.0,14.0,14.0,14.0,14.0,14.0,14.0,14.0,14.0,14.0,14.0,34.0,38.0,14.0,37.0,31.0,44.66666667,41.0,31.0,32.0,20.66666667,14.0
774,4,SOUTH,24,3.0,3.0,3.0,3.0,3.0,3.0,3.0,3.0,3.0,3.0,3.0,3.0,3.0,3.0,3.0,3.0,3.0,3.0,3.0,3.0,3.0,3.0,3.0,3.0,3.0,3.0,201.0,87.0,195.0,93.0,51.0,234.0,278.0,231.0,221.0,186.0,87.0,21.0
776,4,SOUTH,26,9.0,9.0,9.0,9.0,9.0,9.0,9.0,9.0,9.0,9.0,9.0,9.0,9.0,9.0,9.0,9.0,9.0,9.0,9.0,9.0,9.0,9.0,9.0,9.0,9.0,9.0,9.0,183.0,219.0,153.0,195.0,282.0,288.0,328.0,282.0,231.0,135.0,81.0
777,4,SOUTH,27,14.0,14.0,14.0,14.0,14.0,14.0,14.0,14.0,14.0,14.0,14.0,14.0,14.0,14.0,14.0,14.0,14.0,14.0,14.0,14.0,14.0,14.0,14.0,14.0,14.0,14.0,14.0,118.0,302.0,62.0,250.0,474.0,398.0,452.6666667,454.0,354.0,238.0,110.0
778,4,SOUTH,28,1.0,1.0,1.0,1.0,1.0,1.0,1.0,1.0,1.0,1.0,1.0,1.0,1.0,1.0,1.0,1.0,1.0,1.0,1.0,1.0,1.0,1.0,1.0,1.0,1.0,1.0,1.0,13.0,13.0,1.0,21.0,93.66666667,81.0,89.0,115.6666667,91.0,57.0,29.0
779,4,SOUTH,29,15.0,15.0,15.0,15.0,15.0,15.0,15.0,15.0,15.0,15.0,15.0,15.0,15.0,15.0,15.0,15.0,15.0,15.0,15.0,15.0,15.0,15.0,15.0,15.0,15.0,15.0,223.0,287.0,87.0,144.3333333,303.0,167.0,343.0,364.3333333,347.0,287.0,183.0,79.0
783,4,SOUTH,33,6.0,6.0,6.0,6.0,6.0,6.0,6.0,6.0,6.0,6.0,6.0,6.0,6.0,6.0,6.0,6.0,6.0,6.0,6.0,6.0,6.0,6.0,6.0,6.0,6.0,6.0,6.0,134.0,78.0,6.0,174.0,482.0,522.0,434.0,416.6666667,466.0,206.0,62.0
789,4,SOUTH,35,17.0,17.0,17.0,17.0,17.0,17.0,17.0,17.0,17.0,17.0,17.0,17.0,17.0,17.0,17.0,17.0,17.0,17.0,17.0,17.0,17.0,17.0,17.0,17.0,17.0,17.0,17.0,17.0,17.0,17.0,17.0,17.0,17.0,229.0,255.0,95.0,71.0,17.0
790,4,SOUTH,36,9.0,9.0,9.0,9.0,9.0,9.0,9.0,9.0,9.0,9.0,9.0,9.0,9.0,9.0,9.0,9.0,9.0,9.0,9.0,9.0,9.0,9.0,17.0,9.0,9.0,51.0,113.0,97.0,231.0,121.0,109.0,151.0,257.0,217.0,277.0,237.6666667,99.0,81.0
794,4,SOUTH,41,8.0,8.0,8.0,8.0,8.0,8.0,8.0,8.0,8.0,8.0,8.0,8.0,8.0,8.0,8.0,8.0,8.0,8.0,8.0,8.0,8.0,8.0,56.0,216.0,8.0,32.0,152.0,184.0,236.0,76.0,204.0,300.0,480.0,524.0,432.0,356.0,288.0,8.0
796,4,SOUTH,42,17.0,17.0,17.0,17.0,17.0,17.0,17.0,17.0,17.0,17.0,17.0,17.0,17.0,17.0,17.0,17.0,17.0,17.0,17.0,17.0,17.0,17.0,49.0,41.0,17.0,49.0,89.0,41.0,101.0,141.0,93.0,133.0,241.0,261.0,193.0,177.0,201.0,49.0
797,4,SOUTH,43,1.0,1.0,1.0,1.0,1.0,1.0,1.0,1.0,1.0,1.0,1.0,1.0,1.0,1.0,1.0,1.0,1.0,1.0,1.0,1.0,1.0,1.0,21.0,56.0,1.0,23.0,21.0,19.0,30.0,42.0,29.0,51.0,70.66666667,57.33333333,11.0,11.0,49.0,5.0
798,4,SOUTH,44,20.0,20.0,20.0,20.0,20.0,20.0,20.0,20.0,20.0,20.0,20.0,20.0,20.0,20.0,20.0,20.0,20.0,20.0,20.0,20.0,20.0,20.0,56.0,44.0,20.0,68.0,68.0,86.0,101.0,92.0,53.0,140.0,167.0,125.0,163.0,176.0,32.0,62.0
805,4,SOUTH,54,1.0,1.0,1.0,1.0,1.0,1.0,1.0,1.0,1.0,1.0,1.0,1.0,1.0,1.0,1.0,1.0,1.0,1.0,1.0,1.0,1.0,1.0,49.0,1.0,1.0,17.0,49.0,65.0,33.0,73.0,49.0,121.0,145.0,121.0,105.0,97.0,81.0,33.0
806,4,SOUTH,55,19.0,19.0,19.0,19.0,19.0,19.0,19.0,19.0,19.0,19.0,19.0,19.0,19.0,19.0,19.0,19.0,19.0,19.0,19.0,19.0,19.0,19.0,19.0,31.0,19.0,49.0,451.0,235.0,232.0,235.0,439.0,467.0,463.0,460.0,321.0,421.0,262.0,187.0
807,4,SOUTH,56,2.0,2.0,2.0,2.0,2.0,2.0,2.0,2.0,2.0,2.0,2.0,2.0,2.0,2.0,2.0,2.0,2.0,2.0,2.0,2.0,2.0,2.0,2.0,2.0,2.0,2.0,506.0,242.0,530.0,446.0,790.0,830.0,864.6666667,510.0,606.0,643.3333333,262.0,26.0
808,4,SOUTH,57,6.0,6.0,6.0,6.0,6.0,6.0,6.0,6.0,6.0,6.0,6.0,6.0,6.0,6.0,6.0,6.0,6.0,6.0,6.0,6.0,6.0,6.0,6.0,6.0,6.0,36.0,52.0,26.0,38.0,26.0,24.0,80.0,85.33333333,38.0,62.0,46.0,46.0,6.0
809,4,SOUTH,58,10.0,10.0,10.0,10.0,10.0,10.0,10.0,10.0,10.0,10.0,10.0,10.0,10.0,10.0,10.0,10.0,10.0,10.0,10.0,10.0,10.0,10.0,10.0,10.0,10.0,30.0,86.0,46.0,62.0,86.0,94.0,64.0,74.66666667,26.0,94.0,56.0,94.0,30.0
810,4,SOUTH,59,5.0,5.0,5.0,5.0,5.0,5.0,5.0,5.0,5.0,5.0,5.0,5.0,5.0,5.0,5.0,5.0,5.0,5.0,5.0,5.0,5.0,5.0,33.0,13.0,5.0,77.0,35.0,153.0,107.0,81.0,77.0,5.0,239.6666667,421.0,353.0,429.0,5.0,73.0
813,4,SOUTH,62,6.0,6.0,6.0,6.0,6.0,6.0,6.0,6.0,6.0,6.0,6.0,6.0,6.0,6.0,6.0,6.0,6.0,6.0,6.0,6.0,6.0,6.0,73.0,150.0,6.0,132.0,156.0,138.0,303.0,168.0,189.0,319.0,342.0,396.0,321.0,159.0,150.0,48.0
814,4,SOUTH,63,15.0,15.0,15.0,15.0,15.0,15.0,15.0,15.0,15.0,15.0,15.0,15.0,15.0,15.0,15.0,15.0,15.0,15.0,15.0,15.0,15.0,15.0,91.0,199.0,15.0,163.0,167.0,159.0,347.0,227.0,195.0,372.3333333,399.0,433.6666667,319.0,371.0,271.0,15.0
818,4,SOUTH,66,16.0,16.0,16.0,16.0,16.0,16.0,16.0,16.0,16.0,16.0,16.0,16.0,16.0,16.0,16.0,16.0,16.0,16.0,16.0,16.0,16.0,16.0,16.0,16.0,16.0,16.0,16.0,30.0,70.0,24.0,56.0,68.0,72.0,142.0,185.3333333,179.6666667,125.0,56.0
819,4,SOUTH,67,7.0,7.0,7.0,7.0,7.0,7.0,7.0,7.0,7.0,7.0,7.0,7.0,7.0,7.0,7.0,7.0,7.0,7.0,7.0,7.0,85.0,160.0,82.0,37.0,7.0,67.0,157.0,91.0,157.0,67.0,187.0,214.0,343.0,455.0,485.0,433.0,415.0,289.0
820,4,SOUTH,244,12.0,12.0,12.0,12.0,12.0,12.0,12.0,12.0,12.0,12.0,12.0,12.0,12.0,12.0,12.0,12.0,12.0,12.0,12.0,12.0,40.0,146.0,44.0,30.0,12.0,44.0,56.0,16.0,24.0,28.0,20.0,74.0,48.0,72.0,168.0,154.6666667,124.0,36.0
825,4,SOUTH,73,12.0,12.0,12.0,12.0,12.0,12.0,12.0,12.0,12.0,12.0,12.0,12.0,12.0,12.0,12.0,12.0,12.0,12.0,44.0,70.66666667,67.0,69.0,64.0,43.0,12.0,27.0,45.66666667,28.0,72.0,31.0,57.0,71.0,52.0,38.0,63.0,26.0,19.0,14.0
826,4,SOUTH,74,12.0,12.0,12.0,12.0,12.0,12.0,12.0,12.0,12.0,12.0,12.0,12.0,12.0,12.0,12.0,12.0,12.0,12.0,12.0,12.0,12.0,12.0,12.0,12.0,12.0,12.0,46.0,48.0,56.0,44.0,72.0,70.0,68.0,44.0,68.0,58.0,12.0,33.33333333
829,4,SOUTH,76,7.0,7.0,7.0,7.0,7.0,7.0,7.0,7.0,7.0,7.0,7.0,7.0,7.0,7.0,7.0,7.0,7.0,7.0,7.0,7.0,7.0,7.0,7.0,7.0,7.0,7.0,7.0,7.0,7.0,7.0,7.0,7.0,7.0,7.0,7.0,20.33333333,20.33333333,7.0
842,4,SOUTH,87,12.0,12.0,12.0,12.0,12.0,12.0,12.0,12.0,12.0,12.0,12.0,12.0,12.0,12.0,12.0,12.0,12.0,12.0,12.0,12.0,12.0,12.0,12.0,12.0,12.0,12.0,12.0,12.0,12.0,12.0,12.0,12.0,12.0,12.0,12.0,14.0,14.0,16.66666667
852,4,SOUTH,418,14.0,14.0,14.0,14.0,14.0,14.0,14.0,14.0,14.0,14.0,14.0,14.0,14.0,14.0,14.0,14.0,14.0,14.0,14.0,14.0,14.0,14.0,22.0,39.33333333,14.0,28.0,70.0,42.0,36.0,22.0,42.0,16.0,30.0,46.0,60.0,60.66666667,32.0,34.0
857,4,SOUTH,362,7.0,7.0,7.0,7.0,7.0,7.0,7.0,7.0,7.0,7.0,7.0,7.0,7.0,7.0,7.0,7.0,7.0,7.0,79.0,187.0,172.0,277.0,148.0,244.0,7.0,241.0,322.0,379.0,310.0,220.0,13.0,193.0,205.0,187.0,205.0,160.0,100.0,34.0
865,4,SOUTH,368,2.0,2.0,2.0,2.0,2.0,2.0,2.0,2.0,2.0,2.0,2.0,2.0,2.0,2.0,2.0,2.0,2.0,2.0,2.0,2.0,2.0,34.0,2.0,10.0,2.0,10.0,2.0,34.0,148.6666667,106.0,100.0,34.0,72.0,93.33333333,94.0,78.0,98.0,2.0
867,4,SOUTH,373,1.0,1.0,1.0,1.0,1.0,1.0,1.0,1.0,1.0,1.0,1.0,1.0,1.0,1.0,1.0,1.0,1.0,1.0,1.0,1.0,1.0,1.0,1.0,1.0,1.0,1.0,1.0,1.0,1.0,1.0,1.0,85.0,303.6666667,443.6666667,505.0,329.0,487.0,137.0
868,4,SOUTH,259,8.0,8.0,8.0,8.0,8.0,8.0,8.0,8.0,8.0,8.0,8.0,8.0,8.0,8.0,8.0,8.0,8.0,8.0,8.0,8.0,8.0,8.0,8.0,8.0,8.0,8.0,770.6666667,632.0,696.0,952.0,1184.0,1008.0,1196.0,664.0,736.0,1208.0,700.0,737.3333333
869,4,SOUTH,260,2.0,2.0,2.0,2.0,2.0,2.0,2.0,2.0,2.0,2.0,2.0,2.0,2.0,2.0,2.0,2.0,2.0,2.0,2.0,2.0,2.0,2.0,2.0,2.0,2.0,2.0,140.0,146.0,104.0,152.0,218.0,128.0,212.0,92.0,134.0,234.0,164.0,38.0
870,4,SOUTH,261,13.0,13.0,13.0,13.0,13.0,13.0,13.0,13.0,13.0,13.0,13.0,13.0,13.0,13.0,13.0,13.0,13.0,13.0,13.0,13.0,13.0,13.0,13.0,13.0,13.0,13.0,13.0,13.0,13.0,843.6666667,1513.0,1939.0,1819.0,1475.0,1411.0,1721.0,1929.0,1521.0
886,4,SOUTH,279,4.0,4.0,4.0,4.0,4.0,4.0,4.0,4.0,4.0,4.0,4.0,4.0,4.0,4.0,4.0,4.0,4.0,4.0,4.0,4.0,4.0,184.0,4.0,4.0,4.0,4.0,448.0,214.0,760.0,562.0,286.0,754.0,552.0,130.0,456.0,568.0,301.0,34.0
887,4,SOUTH,280,13.0,13.0,13.0,13.0,13.0,13.0,13.0,13.0,13.0,13.0,13.0,13.0,13.0,13.0,13.0,13.0,13.0,13.0,13.0,13.0,13.0,149.0,81.0,13.0,13.0,13.0,158.3333333,113.0,297.0,261.0,283.0,305.0,357.0,289.0,141.0,309.0,37.0,173.0
888,4,SOUTH,281,19.0,19.0,19.0,19.0,19.0,19.0,19.0,19.0,19.0,19.0,19.0,19.0,19.0,19.0,19.0,19.0,19.0,19.0,19.0,19.0,19.0,19.0,19.0,19.0,19.0,19.0,223.0,143.0,231.0,197.0,283.0,306.3333333,289.0,173.0,211.0,227.0,151.0,156.3333333
889,4,SOUTH,282,8.0,8.0,8.0,8.0,8.0,8.0,8.0,8.0,8.0,8.0,8.0,8.0,8.0,8.0,8.0,8.0,8.0,8.0,104.0,178.6666667,198.0,166.3333333,131.0,86.0,8.0,71.0,30.0,16.0,114.0,112.0,208.0,114.0,42.0,102.0,70.0,136.0,90.0,22.0
890,4,SOUTH,375,12.0,12.0,12.0,12.0,12.0,12.0,12.0,12.0,12.0,12.0,12.0,12.0,12.0,12.0,12.0,12.0,12.0,12.0,12.0,12.0,12.0,52.0,40.0,26.0,12.0,34.0,36.0,40.0,20.0,32.0,40.0,24.0,37.33333333,14.0,20.0,48.0,48.0,24.0
891,4,SOUTH,284,4.0,4.0,4.0,4.0,4.0,4.0,4.0,4.0,4.0,4.0,4.0,4.0,4.0,4.0,4.0,4.0,4.0,4.0,4.0,4.0,4.0,100.6666667,94.0,88.0,4.0,114.0,80.0,48.0,120.0,26.0,108.0,106.0,116.0,116.0,102.0,114.0,16.0,4.0
892,4,SOUTH,285,17.0,17.0,17.0,17.0,17.0,17.0,17.0,17.0,17.0,17.0,17.0,17.0,17.0,17.0,17.0,17.0,17.0,17.0,62.0,85.33333333,87.0,37.0,25.0,45.0,17.0,25.0,27.0,24.0,40.0,22.0,36.0,29.0,22.0,24.0,30.0,40.0,22.0,17.0
893,4,SOUTH,377,7.0,7.0,7.0,7.0,7.0,7.0,7.0,7.0,7.0,7.0,7.0,7.0,7.0,7.0,7.0,7.0,7.0,7.0,7.0,7.0,7.0,7.0,31.0,7.0,7.0,7.0,7.0,7.0,7.0,7.0,33.0,29.0,43.0,47.0,57.66666667,49.0,47.0,7.0
895,4,SOUTH,421,10.0,10.0,10.0,10.0,10.0,10.0,10.0,10.0,10.0,10.0,10.0,10.0,10.0,10.0,10.0,10.0,10.0,10.0,10.0,10.0,10.0,10.0,14.0,11.0,10.0,24.0,28.66666667,20.0,19.0,14.0,15.0,22.0,29.33333333,25.0,26.0,21.0,17.0,15.0
896,4,SOUTH,101,11.0,11.0,11.0,11.0,11.0,11.0,11.0,11.0,11.0,11.0,11.0,11.0,11.0,11.0,11.0,11.0,11.0,11.0,11.0,11.0,11.0,11.0,11.0,11.0,11.0,11.0,11.0,91.0,11.0,259.0,59.0,479.0,508.3333333,651.0,51.0,317.6666667,219.0,19.0
897,4,SOUTH,102,4.0,4.0,4.0,4.0,4.0,4.0,4.0,4.0,4.0,4.0,4.0,4.0,4.0,4.0,4.0,4.0,4.0,4.0,4.0,4.0,4.0,4.0,4.0,4.0,4.0,4.0,4.0,4.0,4.0,102.0,59.66666667,49.0,74.66666667,161.0,163.0,154.0,130.0,58.0
919,4,SOUTH,424,20.0,20.0,20.0,20.0,20.0,20.0,20.0,20.0,20.0,20.0,20.0,20.0,20.0,20.0,20.0,20.0,20.0,20.0,20.0,20.0,20.0,20.0,20.0,20.0,20.0,20.0,20.0,20.0,76.0,56.0,32.0,44.0,62.66666667,64.0,36.0,65.33333333,28.0,20.0
920,4,SOUTH,425,4.0,4.0,4.0,4.0,4.0,4.0,4.0,4.0,4.0,4.0,4.0,4.0,4.0,4.0,4.0,4.0,4.0,4.0,4.0,4.0,4.0,4.0,4.0,4.0,4.0,4.0,4.0,4.0,4.0,4.0,19.0,22.0,46.0,25.0,19.0,90.0,93.0,28.0
921,4,SOUTH,426,8.0,8.0,8.0,8.0,8.0,8.0,8.0,8.0,8.0,8.0,8.0,8.0,8.0,8.0,8.0,8.0,8.0,8.0,8.0,8.0,8.0,8.0,8.0,28.0,8.0,8.0,8.0,8.0,64.0,44.0,36.0,64.0,57.33333333,36.0,44.0,76.0,48.0,8.0
927,4,SOUTH,338,9.0,9.0,9.0,9.0,9.0,9.0,9.0,9.0,9.0,9.0,9.0,9.0,9.0,9.0,9.0,9.0,9.0,9.0,9.0,9.0,9.0,9.0,9.0,9.0,9.0,9.0,9.0,9.0,9.0,9.0,9.0,9.0,9.0,9.0,9.0,241.0,241.0,9.0
940,4,SOUTH,344,4.0,4.0,4.0,4.0,4.0,4.0,4.0,4.0,4.0,4.0,4.0,4.0,4.0,4.0,4.0,4.0,4.0,4.0,4.0,4.0,4.0,4.0,4.0,4.0,4.0,4.0,4.0,4.0,4.0,4.0,4.0,4.0,308.0,308.0,390.6666667,316.0,150.6666667,36.0
945,4,SOUTH,384,16.0,16.0,16.0,16.0,16.0,16.0,16.0,16.0,16.0,16.0,16.0,16.0,16.0,16.0,16.0,16.0,16.0,16.0,16.0,141.0,124.3333333,16.0,108.0,144.0,16.0,138.0,16.0,48.0,76.0,54.0,64.0,58.0,106.0,95.0,134.0,81.66666667,83.0,16.0
946,4,SOUTH,430,11.0,11.0,11.0,11.0,11.0,11.0,11.0,11.0,11.0,11.0,11.0,11.0,11.0,11.0,11.0,11.0,11.0,11.0,11.0,11.0,89.0,155.0,116.0,149.0,11.0,167.0,155.0,119.0,83.0,74.0,110.0,95.0,11.0,59.0,149.0,89.0,11.0,11.0
947,4,SOUTH,431,18.0,18.0,18.0,18.0,18.0,18.0,18.0,18.0,18.0,18.0,18.0,18.0,18.0,18.0,18.0,18.0,18.0,18.0,18.0,18.0,18.0,134.0,330.0,102.0,18.0,291.3333333,366.0,242.0,242.0,50.0,130.0,194.0,130.0,58.0,234.0,254.0,98.0,18.0
948,4,SOUTH,432,7.0,7.0,7.0,7.0,7.0,7.0,7.0,7.0,7.0,7.0,7.0,7.0,7.0,7.0,7.0,7.0,7.0,7.0,7.0,7.0,7.0,7.0,7.0,7.0,7.0,7.0,33.0,27.0,27.0,35.0,49.66666667,45.0,45.0,37.0,43.0,29.66666667,37.0,7.0
960,4,SOUTH,156,16.0,16.0,16.0,16.0,16.0,16.0,16.0,16.0,16.0,16.0,16.0,16.0,16.0,16.0,16.0,16.0,16.0,16.0,16.0,16.0,16.0,16.0,16.0,16.0,16.0,16.0,16.0,16.0,16.0,16.0,16.0,16.0,16.0,16.0,20.0,29.33333333,28.0,16.0
966,4,SOUTH,162,2.0,2.0,2.0,2.0,2.0,2.0,2.0,2.0,2.0,2.0,2.0,2.0,2.0,2.0,2.0,2.0,2.0,2.0,2.0,2.0,2.0,2.0,2.0,2.0,2.0,2.0,2.0,2.0,2.0,2.0,2.0,2.0,2.0,2.0,2.0,62.0,59.0,55.0
967,4,SOUTH,163,17.0,17.0,17.0,17.0,17.0,17.0,17.0,17.0,17.0,17.0,17.0,17.0,17.0,17.0,17.0,17.0,17.0,17.0,17.0,17.0,17.0,17.0,17.0,17.0,17.0,17.0,17.0,17.0,17.0,17.0,17.0,17.0,17.0,17.0,17.0,17.0,37.0,37.0
968,4,SOUTH,164,11.0,11.0,11.0,11.0,11.0,11.0,11.0,11.0,11.0,11.0,11.0,11.0,11.0,11.0,11.0,11.0,11.0,11.0,11.0,11.0,11.0,11.0,11.0,11.0,11.0,11.0,11.0,11.0,11.0,11.0,11.0,11.0,11.0,11.0,11.0,11.0,20.33333333,20.33333333
973,4,SOUTH,169,8.0,8.0,8.0,8.0,8.0,8.0,8.0,8.0,8.0,8.0,8.0,8.0,8.0,8.0,8.0,8.0,8.0,8.0,8.0,8.0,8.0,8.0,8.0,8.0,8.0,8.0,8.0,8.0,8.0,8.0,8.0,37.33333333,40.0,16.0,19.0,27.0,15.0,12.0
974,4,SOUTH,170,19.0,19.0,19.0,19.0,19.0,19.0,19.0,19.0,19.0,19.0,19.0,19.0,19.0,19.0,19.0,19.0,19.0,19.0,19.0,19.0,19.0,19.0,19.0,19.0,19.0,19.0,19.0,19.0,19.0,19.0,19.0,29.0,31.0,55.0,39.0,64.66666667,62.0,19.0
975,4,SOUTH,171,8.0,8.0,8.0,8.0,8.0,8.0,8.0,8.0,8.0,8.0,8.0,8.0,8.0,8.0,8.0,8.0,8.0,8.0,8.0,8.0,8.0,8.0,8.0,8.0,8.0,8.0,8.0,8.0,8.0,8.0,8.0,8.0,8.0,20.0,23.0,17.0,19.0,8.0
976,4,SOUTH,172,11.0,11.0,11.0,11.0,11.0,11.0,11.0,11.0,11.0,11.0,11.0,11.0,11.0,11.0,11.0,11.0,11.0,11.0,11.0,11.0,11.0,11.0,11.0,11.0,11.0,11.0,11.0,11.0,11.0,11.0,11.0,11.0,11.0,11.0,11.0,11.0,11.0,11.0
978,4,SOUTH,174,17.0,17.0,17.0,17.0,17.0,17.0,17.0,17.0,17.0,17.0,17.0,17.0,17.0,17.0,17.0,17.0,17.0,17.0,17.0,17.0,17.0,17.0,17.0,17.0,17.0,17.0,17.0,17.0,17.0,17.0,17.0,17.0,17.0,17.0,23.66666667,17.0,17.0,17.0
979,4,SOUTH,175,2.0,2.0,2.0,2.0,2.0,2.0,2.0,2.0,2.0,2.0,2.0,2.0,2.0,2.0,2.0,2.0,2.0,2.0,2.0,2.0,2.0,2.0,2.0,2.0,2.0,2.0,2.0,2.0,2.0,2.0,2.0,26.0,28.66666667,2.0,10.0,18.0,26.0,2.0
980,4,SOUTH,176,6.0,6.0,6.0,6.0,6.0,6.0,6.0,6.0,6.0,6.0,6.0,6.0,6.0,6.0,6.0,6.0,6.0,6.0,6.0,6.0,6.0,6.0,6.0,6.0,6.0,6.0,6.0,6.0,6.0,6.0,6.0,6.0,6.0,6.0,6.0,18.0,18.0,6.0
981,4,SOUTH,177,7.0,7.0,7.0,7.0,7.0,7.0,7.0,7.0,7.0,7.0,7.0,7.0,7.0,7.0,7.0,7.0,7.0,7.0,7.0,7.0,7.0,7.0,7.0,7.0,7.0,7.0,7.0,7.0,7.0,7.0,10.33333333,7.0,7.0,7.0,7.0,14.0,11.33333333,7.0
982,4,SOUTH,178,8.0,8.0,8.0,8.0,8.0,8.0,8.0,8.0,8.0,8.0,8.0,8.0,8.0,8.0,8.0,8.0,8.0,8.0,8.0,8.0,8.0,8.0,8.0,8.0,8.0,8.0,8.0,8.0,8.0,8.0,8.0,8.0,8.0,8.0,232.0,213.3333333,138.6666667,8.0
983,4,SOUTH,179,17.0,17.0,17.0,17.0,17.0,17.0,17.0,17.0,17.0,17.0,17.0,17.0,17.0,17.0,17.0,17.0,17.0,17.0,17.0,17.0,17.0,17.0,17.0,17.0,17.0,17.0,17.0,17.0,17.0,17.0,17.0,17.0,17.0,17.0,93.0,85.0,101.0,78.33333333
984,4,SOUTH,180,2.0,2.0,2.0,2.0,2.0,2.0,2.0,2.0,2.0,2.0,2.0,2.0,2.0,2.0,2.0,2.0,2.0,2.0,2.0,2.0,2.0,2.0,2.0,2.0,2.0,2.0,10.0,2.0,2.0,2.0,10.0,2.0,2.0,2.0,2.0,10.0,2.0,2.0
986,4,SOUTH,183,11.0,11.0,11.0,11.0,11.0,11.0,11.0,11.0,11.0,11.0,11.0,11.0,11.0,11.0,11.0,11.0,11.0,11.0,11.0,11.0,11.0,11.0,11.0,11.0,11.0,11.0,23.0,11.0,11.0,11.0,23.0,11.0,11.0,11.0,11.0,23.0,11.0,11.0
992,4,SOUTH,193,19.0,19.0,19.0,19.0,19.0,19.0,19.0,19.0,19.0,19.0,19.0,19.0,19.0,19.0,19.0,19.0,19.0,19.0,19.0,19.0,19.0,31.0,19.0,19.0,19.0,31.0,49.0,53.0,43.0,19.0,19.0,31.0,31.0,31.0,25.0,50.0,55.0,19.0
996,4,SOUTH,200,8.0,8.0,8.0,8.0,8.0,8.0,8.0,8.0,8.0,8.0,8.0,8.0,8.0,8.0,8.0,8.0,8.0,8.0,8.0,8.0,8.0,8.0,8.0,8.0,8.0,8.0,8.0,8.0,8.0,8.0,8.0,48.0,55.0,37.0,44.33333333,33.0,42.0,29.66666667
997,4,SOUTH,201,7.0,7.0,7.0,7.0,7.0,7.0,7.0,7.0,7.0,7.0,7.0,7.0,7.0,7.0,7.0,7.0,7.0,7.0,7.0,7.0,7.0,7.0,7.0,7.0,7.0,7.0,7.0,7.0,7.0,7.0,7.0,115.0,25.0,80.0,118.0,22.0,36.0,25.0
998,4,SOUTH,202,8.0,8.0,8.0,8.0,8.0,8.0,8.0,8.0,8.0,8.0,8.0,8.0,8.0,8.0,8.0,8.0,8.0,8.0,8.0,8.0,8.0,8.0,8.0,8.0,8.0,8.0,8.0,8.0,8.0,8.0,8.0,30.0,42.66666667,38.33333333,17.0,13.0,29.0,14.0
1000,4,SOUTH,204,20.0,20.0,20.0,20.0,20.0,20.0,20.0,20.0,20.0,20.0,20.0,20.0,20.0,20.0,20.0,20.0,20.0,20.0,20.0,20.0,20.0,20.0,20.0,20.0,20.0,20.0,20.0,20.0,20.0,20.0,20.0,62.0,62.0,77.0,83.0,75.0,86.0,20.0
1001,4,SOUTH,314,11.0,11.0,11.0,11.0,11.0,11.0,11.0,11.0,11.0,11.0,11.0,11.0,11.0,11.0,11.0,11.0,11.0,11.0,11.0,11.0,11.0,11.0,11.0,11.0,11.0,11.0,11.0,11.0,11.0,11.0,11.0,101.0,97.0,41.0,86.0,101.0,53.0,29.0
1002,4,SOUTH,315,7.0,7.0,7.0,7.0,7.0,7.0,7.0,7.0,7.0,7.0,7.0,7.0,7.0,7.0,7.0,7.0,7.0,7.0,7.0,7.0,7.0,7.0,7.0,7.0,7.0,7.0,7.0,7.0,7.0,7.0,7.0,43.66666667,49.66666667,25.0,38.0,39.0,23.0,7.0
1003,4,SOUTH,316,17.0,17.0,17.0,17.0,17.0,17.0,17.0,17.0,17.0,17.0,17.0,17.0,17.0,17.0,17.0,17.0,17.0,17.0,17.0,17.0,17.0,17.0,17.0,17.0,17.0,17.0,17.0,17.0,17.0,17.0,17.0,17.0,17.0,17.0,17.0,17.0,38.33333333,17.0
1005,4,SOUTH,318,8.0,8.0,8.0,8.0,8.0,8.0,8.0,8.0,8.0,8.0,8.0,8.0,8.0,8.0,8.0,8.0,8.0,8.0,8.0,8.0,8.0,8.0,8.0,8.0,8.0,8.0,8.0,8.0,8.0,8.0,8.0,57.33333333,76.0,50.0,22.0,26.0,26.0,8.0
1006,4,SOUTH,319,9.0,9.0,9.0,9.0,9.0,9.0,9.0,9.0,9.0,9.0,9.0,9.0,9.0,9.0,9.0,9.0,9.0,9.0,9.0,9.0,9.0,113.0,117.0,33.0,9.0,33.0,99.0,93.0,105.0,126.0,138.0,117.0,121.0,63.0,156.0,81.0,72.0,21.0
1007,4,SOUTH,320,6.0,6.0,6.0,6.0,6.0,6.0,6.0,6.0,6.0,6.0,6.0,6.0,6.0,6.0,6.0,6.0,6.0,6.0,6.0,16.0,28.66666667,28.0,14.0,10.0,6.0,8.0,12.0,10.0,16.0,17.0,6.0,6.0,16.0,6.0,13.0,8.0,8.0,6.0
1008,4,SOUTH,321,6.0,6.0,6.0,6.0,6.0,6.0,6.0,6.0,6.0,6.0,6.0,6.0,6.0,6.0,6.0,6.0,6.0,6.0,6.0,108.6666667,116.6666667,30.0,78.0,6.0,6.0,14.0,38.0,30.0,38.0,22.0,54.0,30.0,70.0,26.0,42.0,54.0,6.0,22.0
1009,4,SOUTH,322,2.0,2.0,2.0,2.0,2.0,2.0,2.0,2.0,2.0,2.0,2.0,2.0,2.0,2.0,2.0,2.0,2.0,2.0,2.0,2.0,2.0,10.0,54.0,22.0,2.0,26.0,42.0,54.0,34.0,10.0,40.0,50.0,52.66666667,32.0,52.0,22.0,48.0,2.0
1015,4,SOUTH,433,7.0,7.0,7.0,7.0,7.0,7.0,7.0,7.0,7.0,7.0,7.0,7.0,7.0,7.0,7.0,7.0,7.0,7.0,7.0,7.0,7.0,7.0,7.0,7.0,7.0,7.0,7.0,7.0,7.0,7.0,7.0,7.0,7.0,7.0,7.0,7.0,7.0,17.0
1016,4,SOUTH,399,8.0,8.0,8.0,8.0,8.0,8.0,8.0,8.0,8.0,8.0,8.0,8.0,8.0,8.0,8.0,8.0,8.0,8.0,8.0,8.0,8.0,8.0,8.0,8.0,8.0,8.0,8.0,8.0,8.0,564.0,1226.666667,1360.0,472.0,1016.0,1384.0,872.0,600.0,360.0
1017,4,SOUTH,205,11.0,11.0,11.0,11.0,11.0,11.0,11.0,11.0,11.0,11.0,11.0,11.0,11.0,11.0,11.0,11.0,11.0,11.0,15.0,31.0,27.0,11.0,11.0,11.0,11.0,11.0,35.0,19.0,19.0,40.33333333,39.0,47.0,31.0,23.0,23.0,47.0,31.0,11.0
1019,4,SOUTH,434,12.0,12.0,12.0,12.0,12.0,12.0,12.0,12.0,12.0,12.0,12.0,12.0,12.0,12.0,12.0,12.0,12.0,12.0,12.0,12.0,12.0,12.0,12.0,12.0,12.0,12.0,12.0,19.0,20.0,15.0,12.0,12.0,12.0,12.0,12.0,12.0,12.0,12.0
1020,4,SOUTH,208,18.0,18.0,18.0,18.0,18.0,18.0,18.0,18.0,18.0,18.0,18.0,18.0,18.0,18.0,18.0,18.0,18.0,18.0,18.0,18.0,18.0,18.0,18.0,18.0,18.0,18.0,18.0,18.0,18.0,18.0,66.0,36.0,40.0,18.0,30.0,48.0,36.0,18.0
1022,4,SOUTH,212,8.0,8.0,8.0,8.0,8.0,8.0,8.0,8.0,8.0,8.0,8.0,8.0,8.0,8.0,8.0,8.0,8.0,8.0,8.0,8.0,8.0,8.0,8.0,8.0,8.0,8.0,8.0,14.0,20.0,20.0,14.0,20.0,14.0,8.0,16.0,8.0,8.0,8.0
1033,4,SOUTH,228,15.0,15.0,15.0,15.0,15.0,15.0,15.0,15.0,15.0,15.0,15.0,15.0,15.0,15.0,15.0,15.0,15.0,15.0,15.0,23.0,27.0,27.0,39.0,15.0,15.0,15.0,15.0,27.0,15.0,15.0,15.0,27.0,39.0,15.0,15.0,15.0,15.0,15.0
1034,4,SOUTH,229,7.0,7.0,7.0,7.0,7.0,7.0,7.0,7.0,7.0,7.0,7.0,7.0,7.0,7.0,7.0,7.0,7.0,7.0,7.0,7.0,107.0,103.0,71.0,35.0,7.0,7.0,7.0,103.0,287.0,167.0,279.0,215.0,135.0,239.0,295.0,7.0,7.0,135.0
